-- MySQL dump 10.13  Distrib 5.5.53, for debian-linux-gnu (x86_64)
--
-- Host: localhost    Database: client_UI_development
-- ------------------------------------------------------
-- Server version	5.5.53-0ubuntu0.14.04.1

/*!40101 SET @OLD_CHARACTER_SET_CLIENT=@@CHARACTER_SET_CLIENT */;
/*!40101 SET @OLD_CHARACTER_SET_RESULTS=@@CHARACTER_SET_RESULTS */;
/*!40101 SET @OLD_COLLATION_CONNECTION=@@COLLATION_CONNECTION */;
/*!40101 SET NAMES utf8 */;
/*!40103 SET @OLD_TIME_ZONE=@@TIME_ZONE */;
/*!40103 SET TIME_ZONE='+00:00' */;
/*!40014 SET @OLD_UNIQUE_CHECKS=@@UNIQUE_CHECKS, UNIQUE_CHECKS=0 */;
/*!40014 SET @OLD_FOREIGN_KEY_CHECKS=@@FOREIGN_KEY_CHECKS, FOREIGN_KEY_CHECKS=0 */;
/*!40101 SET @OLD_SQL_MODE=@@SQL_MODE, SQL_MODE='NO_AUTO_VALUE_ON_ZERO' */;
/*!40111 SET @OLD_SQL_NOTES=@@SQL_NOTES, SQL_NOTES=0 */;

--
-- Table structure for table `ar_internal_metadata`
--

DROP TABLE IF EXISTS `ar_internal_metadata`;
/*!40101 SET @saved_cs_client     = @@character_set_client */;
/*!40101 SET character_set_client = utf8 */;
CREATE TABLE `ar_internal_metadata` (
  `key` varchar(255) NOT NULL,
  `value` varchar(255) DEFAULT NULL,
  `created_at` datetime NOT NULL,
  `updated_at` datetime NOT NULL,
  PRIMARY KEY (`key`)
) ENGINE=InnoDB DEFAULT CHARSET=utf8;
/*!40101 SET character_set_client = @saved_cs_client */;

--
-- Dumping data for table `ar_internal_metadata`
--

LOCK TABLES `ar_internal_metadata` WRITE;
/*!40000 ALTER TABLE `ar_internal_metadata` DISABLE KEYS */;
INSERT INTO `ar_internal_metadata` VALUES ('environment','development','2017-04-17 19:51:34','2017-04-17 19:51:34');
/*!40000 ALTER TABLE `ar_internal_metadata` ENABLE KEYS */;
UNLOCK TABLES;

--
-- Table structure for table `models`
--

DROP TABLE IF EXISTS `models`;
/*!40101 SET @saved_cs_client     = @@character_set_client */;
/*!40101 SET character_set_client = utf8 */;
CREATE TABLE `models` (
  `id` int(11) NOT NULL AUTO_INCREMENT,
  `email` varchar(255) NOT NULL DEFAULT '',
  `encrypted_password` varchar(255) NOT NULL DEFAULT '',
  `reset_password_token` varchar(255) DEFAULT NULL,
  `reset_password_sent_at` datetime DEFAULT NULL,
  `remember_created_at` datetime DEFAULT NULL,
  `sign_in_count` int(11) NOT NULL DEFAULT '0',
  `current_sign_in_at` datetime DEFAULT NULL,
  `last_sign_in_at` datetime DEFAULT NULL,
  `current_sign_in_ip` varchar(255) DEFAULT NULL,
  `last_sign_in_ip` varchar(255) DEFAULT NULL,
  `created_at` datetime NOT NULL,
  `updated_at` datetime NOT NULL,
  PRIMARY KEY (`id`),
  UNIQUE KEY `index_models_on_email` (`email`),
  UNIQUE KEY `index_models_on_reset_password_token` (`reset_password_token`)
) ENGINE=InnoDB AUTO_INCREMENT=2 DEFAULT CHARSET=utf8;
/*!40101 SET character_set_client = @saved_cs_client */;

--
-- Dumping data for table `models`
--

LOCK TABLES `models` WRITE;
/*!40000 ALTER TABLE `models` DISABLE KEYS */;
INSERT INTO `models` VALUES (1,'qwerty@tut.by','$2a$11$LP71OmbHOeOEJxQr1ByIKOIX/VPX1qmoR9nAKrgDN7JhiOguxc0Wm',NULL,NULL,NULL,26,'2017-05-13 15:16:21','2017-05-13 14:59:14','127.0.0.1','127.0.0.1','2017-04-17 20:11:55','2017-05-13 15:16:21');
/*!40000 ALTER TABLE `models` ENABLE KEYS */;
UNLOCK TABLES;

--
-- Table structure for table `models_shops`
--

DROP TABLE IF EXISTS `models_shops`;
/*!40101 SET @saved_cs_client     = @@character_set_client */;
/*!40101 SET character_set_client = utf8 */;
CREATE TABLE `models_shops` (
  `shop_id` int(11) DEFAULT NULL,
  `model_id` int(11) DEFAULT NULL
) ENGINE=InnoDB DEFAULT CHARSET=utf8;
/*!40101 SET character_set_client = @saved_cs_client */;

--
-- Dumping data for table `models_shops`
--

LOCK TABLES `models_shops` WRITE;
/*!40000 ALTER TABLE `models_shops` DISABLE KEYS */;
INSERT INTO `models_shops` VALUES (1,1),(2,1);
/*!40000 ALTER TABLE `models_shops` ENABLE KEYS */;
UNLOCK TABLES;

--
-- Table structure for table `products`
--

DROP TABLE IF EXISTS `products`;
/*!40101 SET @saved_cs_client     = @@character_set_client */;
/*!40101 SET character_set_client = utf8 */;
CREATE TABLE `products` (
  `id` int(11) NOT NULL AUTO_INCREMENT,
  `name` varchar(255) DEFAULT NULL,
  `shop_id` int(11) DEFAULT NULL,
  `url` varchar(255) DEFAULT NULL,
  `url_md5` varchar(255) DEFAULT NULL,
  `price` float DEFAULT NULL,
  `weigth` float DEFAULT NULL,
  `image_url` varchar(255) DEFAULT NULL,
  `breadcrumb` varchar(255) DEFAULT NULL,
  `description` varchar(255) DEFAULT NULL,
  `regular_price` float DEFAULT NULL,
  `price2` float DEFAULT NULL,
  `regular_price2` float DEFAULT NULL,
  `price_details` varchar(255) DEFAULT NULL,
  `price_details2` varchar(255) DEFAULT NULL,
  `update_time` datetime DEFAULT NULL,
  `created_at` datetime NOT NULL,
  `updated_at` datetime NOT NULL,
  PRIMARY KEY (`id`)
) ENGINE=InnoDB AUTO_INCREMENT=309 DEFAULT CHARSET=utf8;
/*!40101 SET character_set_client = @saved_cs_client */;

--
-- Dumping data for table `products`
--

LOCK TABLES `products` WRITE;
/*!40000 ALTER TABLE `products` DISABLE KEYS */;
INSERT INTO `products` VALUES (1,'Цукини',1,NULL,NULL,1.19,30,'http://prosushi.by/wp-content/catalog/images/153_54fb78e542c5a$large.jpg','Суши','цукини, паста ким чи, нори, рис ',NULL,NULL,NULL,NULL,NULL,NULL,'2017-04-22 22:39:19','2017-04-22 22:39:19'),(2,'Баклажан',1,NULL,NULL,1.19,35,'http://prosushi.by/wp-content/catalog/images/154_54fb78b564792$large.jpg','Суши','баклажан, нори, рис, соус Баклажан',NULL,NULL,NULL,NULL,NULL,NULL,'2017-04-22 22:39:19','2017-04-22 22:39:19'),(3,'Креветка',1,NULL,NULL,2.93,35,'http://prosushi.by/wp-content/catalog/images/33_5438460402187$large.jpg','Суши','креветка отварная, рис',NULL,NULL,NULL,NULL,NULL,NULL,'2017-04-22 22:39:19','2017-04-22 22:39:19'),(4,'Лосось',1,NULL,NULL,2.23,35,'http://prosushi.by/wp-content/catalog/images/34_54384628efa56$large.jpg','Суши','лосось, рис',NULL,NULL,NULL,NULL,NULL,NULL,'2017-04-22 22:39:19','2017-04-22 22:39:19'),(5,'Тунец',1,NULL,NULL,3.07,35,'http://prosushi.by/wp-content/catalog/images/35_54384650174e7$large.jpg','Суши','тунец, рис',NULL,NULL,NULL,NULL,NULL,NULL,'2017-04-22 22:39:19','2017-04-22 22:39:19'),(6,'Гребешок',1,NULL,NULL,3.07,35,'http://prosushi.by/wp-content/catalog/images/36_5438469ac0cf3$large.jpg','Суши','морской гребешок, рис',NULL,NULL,NULL,NULL,NULL,NULL,'2017-04-22 22:39:19','2017-04-22 22:39:19'),(7,'Окунь',1,NULL,NULL,1.69,35,'http://prosushi.by/wp-content/catalog/images/37_543846bf9fcf0$large.jpg','Суши','морской окунь, рис',NULL,NULL,NULL,NULL,NULL,NULL,'2017-04-22 22:39:20','2017-04-22 22:39:20'),(8,'Угорь',1,NULL,NULL,3.1,35,'http://prosushi.by/wp-content/catalog/images/38_543846de61715$large.jpg','Суши','копченый угорь, нори, рис, соус Терияки, кунжут',NULL,NULL,NULL,NULL,NULL,NULL,'2017-04-22 22:39:20','2017-04-22 22:39:20'),(9,'Лосось маринованный',1,NULL,NULL,2.23,35,'http://prosushi.by/wp-content/catalog/images/39_543846f63146b$large.jpg','Суши','лосось, рис, соевый соус',NULL,NULL,NULL,NULL,NULL,NULL,'2017-04-22 22:39:20','2017-04-22 22:39:20'),(10,'Тунец маринованный',1,NULL,NULL,3.07,35,'http://prosushi.by/wp-content/catalog/images/40_5438471096fe1$large.jpg','Суши','тунец, рис, соевый соус',NULL,NULL,NULL,NULL,NULL,NULL,'2017-04-22 22:39:20','2017-04-22 22:39:20'),(11,'Гребешок маринованный',1,NULL,NULL,3.07,35,'http://prosushi.by/wp-content/catalog/images/41_54384728197a9$large.jpg','Суши','морской гребешок, рис, соевый соус',NULL,NULL,NULL,NULL,NULL,NULL,'2017-04-22 22:39:20','2017-04-22 22:39:20'),(12,'Гребешок опаленный',1,NULL,NULL,3.07,35,'http://prosushi.by/wp-content/catalog/images/42_5438473bb830c$large.jpg','Суши','морской гребешок, рис, соевый соус',NULL,NULL,NULL,NULL,NULL,NULL,'2017-04-22 22:39:20','2017-04-22 22:39:20'),(13,'Окунь маринованный',1,NULL,NULL,1.69,35,'http://prosushi.by/wp-content/catalog/images/43_54384754a4612$large.jpg','Суши','морской окунь, рис, соевый соус',NULL,NULL,NULL,NULL,NULL,NULL,'2017-04-22 22:39:20','2017-04-22 22:39:20'),(14,'Окунь опаленный',1,NULL,NULL,1.69,35,'http://prosushi.by/wp-content/catalog/images/44_5438477263803$large.jpg','Суши','морской окунь, рис, соевый соус',NULL,NULL,NULL,NULL,NULL,NULL,'2017-04-22 22:39:20','2017-04-22 22:39:20'),(15,'Тунец опаленный',1,NULL,NULL,3.07,35,'http://prosushi.by/wp-content/catalog/images/45_5438479353dc7$large.jpg','Суши','тунец, рис, соевый соус',NULL,NULL,NULL,NULL,NULL,NULL,'2017-04-22 22:39:20','2017-04-22 22:39:20'),(16,'Лосось опаленный',1,NULL,NULL,2.23,35,'http://prosushi.by/wp-content/catalog/images/46_543847a9ef527$large.jpg','Суши','лосось, рис, соевый соус',NULL,NULL,NULL,NULL,NULL,NULL,'2017-04-22 22:39:20','2017-04-22 22:39:20'),(17,'Омлет',1,NULL,NULL,1.4,35,'http://prosushi.by/wp-content/catalog/images/47_543847c4ac95c$large.jpg','Суши','омлет, нори, рис, соус Терияки, кунжут',NULL,NULL,NULL,NULL,NULL,NULL,'2017-04-22 22:39:20','2017-04-22 22:39:20'),(18,'Икра летучей рыбы',1,NULL,NULL,2.41,35,'http://prosushi.by/wp-content/catalog/images/48_543847de79af1$large.jpg','Суши','икра летучей рыбы тобико, нори, рис',NULL,NULL,NULL,NULL,NULL,NULL,'2017-04-22 22:39:20','2017-04-22 22:39:20'),(19,'Острый тунец',1,NULL,NULL,2.95,45,'http://prosushi.by/wp-content/catalog/images/49_5438480676559$large.jpg','Суши','тунец, спайси соус, огурец, нори, рис',NULL,NULL,NULL,NULL,NULL,NULL,'2017-04-22 22:39:20','2017-04-22 22:39:20'),(20,'Острая креветка',1,NULL,NULL,3.13,45,'http://prosushi.by/wp-content/catalog/images/50_5438482e64a82$large.jpg','Суши','креветка, спайси соус, огурец, нори, рис',NULL,NULL,NULL,NULL,NULL,NULL,'2017-04-22 22:39:20','2017-04-22 22:39:20'),(21,'Острый лосось',1,NULL,NULL,2.81,45,'http://prosushi.by/wp-content/catalog/images/51_543848451c0cc$large.jpg','Суши','лосось, спайси соус, огурец, нори, рис',NULL,NULL,NULL,NULL,NULL,NULL,'2017-04-22 22:39:20','2017-04-22 22:39:20'),(22,'Острый угорь',1,NULL,NULL,3.16,45,'http://prosushi.by/wp-content/catalog/images/52_5438485da8842$large.jpg','Суши','угорь, спайси соус, огурец, нори, рис',NULL,NULL,NULL,NULL,NULL,NULL,'2017-04-22 22:39:20','2017-04-22 22:39:20'),(23,'Икра лосося',1,NULL,NULL,3.38,35,'http://prosushi.by/wp-content/catalog/images/53_54384871e8bfd$large.jpg','Суши','красная икра, нори, рис',NULL,NULL,NULL,NULL,NULL,NULL,'2017-04-22 22:39:20','2017-04-22 22:39:20'),(24,'Маринованные водоросли',1,NULL,NULL,1.67,40,'http://prosushi.by/wp-content/catalog/images/54_5438488654528$large.jpg','Суши','маринованные водоросли, нори, рис',NULL,NULL,NULL,NULL,NULL,NULL,'2017-04-22 22:39:20','2017-04-22 22:39:20'),(25,'Пикантная икра летучей рыбы',1,NULL,NULL,2.41,35,'http://prosushi.by/wp-content/catalog/images/55_5438489ccbe3d$large.jpg','Суши','икра летучей рыбы васабик», нори, рис',NULL,NULL,NULL,NULL,NULL,NULL,'2017-04-22 22:39:20','2017-04-22 22:39:20'),(26,'Острый морской гребешок',1,NULL,NULL,3.48,40,'http://prosushi.by/wp-content/catalog/images/56_543848b291ca4$large.jpg','Суши','морской гребешок, спайси соус, нори, рис',NULL,NULL,NULL,NULL,NULL,NULL,'2017-04-22 22:39:20','2017-04-22 22:39:20'),(27,'Омлет NEW',1,NULL,NULL,1.4,36,'http://prosushi.by/wp-content/catalog/images/97_543848fa4fcef$large.jpg','Суши','омлетный блинчик, нори, рис, соус Терияки',NULL,NULL,NULL,NULL,NULL,NULL,'2017-04-22 22:39:20','2017-04-22 22:39:20'),(28,'Филадельфия татаки',1,NULL,NULL,10.58,255,'http://prosushi.by/wp-content/catalog/images/189_57573042b969e$large.jpg','Роллы','лосось, сливочный сыр, огурец, икра лосося, рис, нори',NULL,NULL,NULL,NULL,NULL,NULL,'2017-04-22 22:39:20','2017-04-22 22:39:20'),(29,'Ролл с копченым лососем и морским гребешком',1,NULL,NULL,14.6,260,'http://prosushi.by/wp-content/catalog/images/188_57572f54ac094$large.jpg','Роллы','копченый лосось, морской гребешок, сливочный сыр, салат айсберг, соус спайси, перец п...',NULL,NULL,NULL,NULL,NULL,NULL,'2017-04-22 22:39:20','2017-04-22 22:39:20'),(30,'Ролл с тунцом, свеклой и клубникой',1,NULL,NULL,10.02,255,'http://prosushi.by/wp-content/catalog/images/187_57572eaf12590$large.jpg','Роллы','тунец, сливочный сыр, клубника,свекла отварная, васаби, васабико, майонез, рис, нори',NULL,NULL,NULL,NULL,NULL,NULL,'2017-04-22 22:39:20','2017-04-22 22:39:20'),(31,'Ролл с лососем в японском блинчике',1,NULL,NULL,10.46,245,'http://prosushi.by/wp-content/catalog/images/186_57572e5b2c94c$large.jpg','Роллы','омлетный блинчик, филе лосося, сливочный сыр, шпинат, икра лосося, рис',NULL,NULL,NULL,NULL,NULL,NULL,'2017-04-22 22:39:21','2017-04-22 22:39:21'),(32,'Ролл с лососем и манго гелем',1,NULL,NULL,12.12,270,'http://prosushi.by/wp-content/catalog/images/185_57572e045bb58$large.jpg','Роллы','лосось, креветка отварная, сливочный сыр, шпинат, манго пюре, такуан, омлетный блинчи...',NULL,NULL,NULL,NULL,NULL,NULL,'2017-04-22 22:39:21','2017-04-22 22:39:21'),(33,'Ролл с лососем и апельсиновым перцем',1,NULL,NULL,11.5,250,'http://prosushi.by/wp-content/catalog/images/184_57572da43c982$large.jpg','Роллы','лосось, авокадо, яблоко, сливочный сыр, соус гороховый, апельсиновый перец, рис, нори',NULL,NULL,NULL,NULL,NULL,NULL,'2017-04-22 22:39:21','2017-04-22 22:39:21'),(34,'Арарэ ролл с такуаном и имбирем',1,NULL,NULL,11.24,260,'http://prosushi.by/wp-content/catalog/images/183_57572d4069568$large.jpg','Роллы','угорь, авокадо, сливочный сыр, такуан, маринованный имбирь, рисовые шарики, нори, рис',NULL,NULL,NULL,NULL,NULL,NULL,'2017-04-22 22:39:21','2017-04-22 22:39:21'),(35,'Арарэ ролл с тунцом',1,NULL,NULL,10.58,250,'http://prosushi.by/wp-content/catalog/images/182_57572cee04712$large.jpg','Роллы','тунец, помидор, грейпфрут, лист салата, рисовые шарики, нори, рис.',NULL,NULL,NULL,NULL,NULL,NULL,'2017-04-22 22:39:21','2017-04-22 22:39:21'),(36,'Арарэ ролл с угрем',1,NULL,NULL,14.8,265,'http://prosushi.by/wp-content/catalog/images/181_57572c779336e$large.jpg','Роллы','угорь, сливочный сыр, креветка, такуан, соус терияки, рисовые шарики, нори, рис',NULL,NULL,NULL,NULL,NULL,NULL,'2017-04-22 22:39:21','2017-04-22 22:39:21'),(37,'Арарэ ролл с лососем',1,NULL,NULL,12.12,245,'http://prosushi.by/wp-content/catalog/images/180_57572c147779a$large.jpg','Роллы','лосось, перец печеный, цукини жаренный, лист салата, рисовые шарики, нори, рис',NULL,NULL,NULL,NULL,NULL,NULL,'2017-04-22 22:39:21','2017-04-22 22:39:21'),(38,'Мини ролл с лососем',1,NULL,NULL,4.48,110,'http://prosushi.by/wp-content/catalog/images/111_543851ba1ae78$large.jpg','Роллы','лосось, нори, рис',NULL,NULL,NULL,NULL,NULL,NULL,'2017-04-22 22:39:21','2017-04-22 22:39:21'),(39,'Ролл с копченным лососем и сливочным сыром',1,NULL,NULL,7.38,210,'http://prosushi.by/wp-content/catalog/images/30_5438567d589fe$large.jpg','Роллы','копченый лосось, сыр, авокадо, рис, нори',NULL,NULL,NULL,NULL,NULL,NULL,'2017-04-22 22:39:21','2017-04-22 22:39:21'),(40,'Ролл с угрем и огурцом',1,NULL,NULL,9.74,200,'http://prosushi.by/wp-content/catalog/images/8_54385786f2df7$large.jpg','Роллы','копченый угорь, огурец, рис, нори, соус Терияки, кунжут',NULL,NULL,NULL,NULL,NULL,NULL,'2017-04-22 22:39:21','2017-04-22 22:39:21'),(41,'Ролл Пикассо',1,NULL,NULL,14.8,270,'http://prosushi.by/wp-content/catalog/images/5_5438570a9486f$large.jpg','Роллы','креветка, копченый угорь, лосось, авокадо, сыр, рис, нори',NULL,NULL,NULL,NULL,NULL,NULL,'2017-04-22 22:39:21','2017-04-22 22:39:21'),(42,'Мини ролл с копченым лососем',1,NULL,NULL,4.37,110,'http://prosushi.by/wp-content/catalog/images/113_54385205c70d1$large.jpg','Роллы','копченый лосось, нори, рис',NULL,NULL,NULL,NULL,NULL,NULL,'2017-04-22 22:39:21','2017-04-22 22:39:21'),(43,'Ролл с лососем и авокадо',1,NULL,NULL,7.72,190,'http://prosushi.by/wp-content/catalog/images/15_5438545b88aee$large.jpg','Роллы','лосось, авокадо, нори, рис',NULL,NULL,NULL,NULL,NULL,NULL,'2017-04-22 22:39:21','2017-04-22 22:39:21'),(44,'Ролл Бонито',1,NULL,NULL,8.84,210,'http://prosushi.by/wp-content/catalog/images/28_5438564a95ab0$large.jpg','Роллы','лосось, авокадо, сыр, стружка тунца, рис, нори',NULL,NULL,NULL,NULL,NULL,NULL,'2017-04-22 22:39:21','2017-04-22 22:39:21'),(45,'Ролл Калифорния classic',1,NULL,NULL,10.38,200,'http://prosushi.by/wp-content/catalog/images/23_543855c0b48ad$large.jpg','Роллы','креветка, авокадо, кунжут, рис, нори',NULL,NULL,NULL,NULL,NULL,NULL,'2017-04-22 22:39:21','2017-04-22 22:39:21'),(46,'Ролл Green',1,NULL,NULL,9.52,250,'http://prosushi.by/wp-content/catalog/images/19_543855680e4f4$large.jpg','Роллы','лосось, сыр, маринованные водоросли чука, рис, нори, кунжут',NULL,NULL,NULL,NULL,NULL,NULL,'2017-04-22 22:39:21','2017-04-22 22:39:21'),(47,'Ролл Черный дракон',1,NULL,NULL,14.6,245,'http://prosushi.by/wp-content/catalog/images/6_543857376421d$large.jpg','Роллы','копченый угорь, огурец, сыр, авокадо, рис, нори, соус Терияки, кунжут',NULL,NULL,NULL,NULL,NULL,NULL,'2017-04-22 22:39:21','2017-04-22 22:39:21'),(48,'Мини ролл с маринованными водорослями',1,NULL,NULL,3.86,110,'http://prosushi.by/wp-content/catalog/images/115_5438526bcccef$large.jpg','Роллы','маринованные водоросли, нори, рис',NULL,NULL,NULL,NULL,NULL,NULL,'2017-04-22 22:39:21','2017-04-22 22:39:21'),(49,'Овощной ролл Вегас',1,NULL,NULL,6.76,250,'http://prosushi.by/wp-content/catalog/images/22_543855ac254c1$large.jpg','Роллы','цукини, сладкий перец, огурец, помидор, листья салата, рис, нори, соус Терияки, кунжу...',NULL,NULL,NULL,NULL,NULL,NULL,'2017-04-22 22:39:21','2017-04-22 22:39:21'),(50,'Ролл Праздничный',1,NULL,NULL,10.04,240,'http://prosushi.by/wp-content/catalog/images/29_54385660cb206$large.jpg','Роллы','копченый лосось, огурец, сыр, икра лосося, рис, нори',NULL,NULL,NULL,NULL,NULL,NULL,'2017-04-22 22:39:21','2017-04-22 22:39:21'),(51,'Филадельфия с клубникой',1,NULL,NULL,12.64,260,'http://prosushi.by/wp-content/catalog/images/148_5438541c3991c$large.jpg','Роллы','лосось, сыр, клубника, рис, нори, лайм',NULL,NULL,NULL,NULL,NULL,NULL,'2017-04-22 22:39:21','2017-04-22 22:39:21'),(52,'Мини ролл со сладким перцем',1,NULL,NULL,4.33,110,'http://prosushi.by/wp-content/catalog/images/120_543853769ad33$large.jpg','Роллы','сладкий перец, нори, рис',NULL,NULL,NULL,NULL,NULL,NULL,'2017-04-22 22:39:22','2017-04-22 22:39:22'),(53,'Ролл с лососем и сыром',1,NULL,NULL,6.84,190,'http://prosushi.by/wp-content/catalog/images/24_543855e39f311$large.jpg','Роллы','лосось, сыр, нори, рис',NULL,NULL,NULL,NULL,NULL,NULL,'2017-04-22 22:39:22','2017-04-22 22:39:22'),(54,'Ролл с жареной креветкой и икрой летучей рыбы',1,NULL,NULL,9.7,205,'http://prosushi.by/wp-content/catalog/images/10_5438518639039$large.jpg','Роллы','креветка в темпуре, икра летучей рыбы тобико, соус Спайси, листья салата, рис, нори',NULL,NULL,NULL,NULL,NULL,NULL,'2017-04-22 22:39:22','2017-04-22 22:39:22'),(55,'Ролл Секс в большом городе',1,NULL,NULL,14.8,270,'http://prosushi.by/wp-content/catalog/images/25_543855fb82e5a$large.jpg','Роллы','тунец, морской гребешок, лосось, сыр, авокадо, огурец, рис, нори',NULL,NULL,NULL,NULL,NULL,NULL,'2017-04-22 22:39:22','2017-04-22 22:39:22'),(56,'Ролл Black',1,NULL,NULL,10.1,235,'http://prosushi.by/wp-content/catalog/images/26_543856110fd10$large.jpg','Роллы','тунец, морской гребешок, огурец, сыр, кунжут, рис, нори',NULL,NULL,NULL,NULL,NULL,NULL,'2017-04-22 22:39:22','2017-04-22 22:39:22'),(57,'Ролл Калифорния',1,NULL,NULL,11.48,230,'http://prosushi.by/wp-content/catalog/images/9_543857b1d5d51$large.jpg','Роллы','креветка, огурец, авокадо, икра летучей рыбы тобико, рис, нори',NULL,NULL,NULL,NULL,NULL,NULL,'2017-04-22 22:39:22','2017-04-22 22:39:22'),(58,'Ролл запеченный с лососем',1,NULL,NULL,7.38,275,'http://prosushi.by/wp-content/catalog/images/21_5438559d19ce7$large.jpg','Роллы','лосось, икра летучей рыбы тобико, сыр, помидор, огурец, листья салата, майонез, рис, ...',NULL,NULL,NULL,NULL,NULL,NULL,'2017-04-22 22:39:22','2017-04-22 22:39:22'),(59,'Мини ролл с икрой летучей рыбы',1,NULL,NULL,4.75,110,'http://prosushi.by/wp-content/catalog/images/114_54385222552a6$large.jpg','Роллы','икра летучей рыбы, нори, рис',NULL,NULL,NULL,NULL,NULL,NULL,'2017-04-22 22:39:22','2017-04-22 22:39:22'),(60,'Острый ролл самурай',1,NULL,NULL,10.7,210,'http://prosushi.by/wp-content/catalog/images/14_543853d8c78f9$large.jpg','Роллы','жареный окунь, креветка, авокадо, огурец, икра летучей рыбы васабико, рис, нори, васа...',NULL,NULL,NULL,NULL,NULL,NULL,'2017-04-22 22:39:22','2017-04-22 22:39:22'),(61,'Ролл Радуга',1,NULL,NULL,12.98,240,'http://prosushi.by/wp-content/catalog/images/7_54385763dbdf2$large.jpg','Роллы','креветка, лосось, авокадо, сыр, икра летучей рыбы тобико, рис, нори',NULL,NULL,NULL,NULL,NULL,NULL,'2017-04-22 22:39:22','2017-04-22 22:39:22'),(62,'Мини ролл с морским окунем',1,NULL,NULL,4.38,110,'http://prosushi.by/wp-content/catalog/images/119_543852cc24659$large.jpg','Роллы','морской окунь, икра летучей рыбы, нори, рис',NULL,NULL,NULL,NULL,NULL,NULL,'2017-04-22 22:39:22','2017-04-22 22:39:22'),(63,'Ролл с лососем, омлетом и икрой летучей рыбы',1,NULL,NULL,8.08,210,'http://prosushi.by/wp-content/catalog/images/31_5438569ee6759$large.jpg','Роллы','лосось, омлет, икра летучей рыбы тобико, рис, нори',NULL,NULL,NULL,NULL,NULL,NULL,'2017-04-22 22:39:22','2017-04-22 22:39:22'),(64,'Ролл  в рисовой бумаге с лососем',1,NULL,NULL,10.38,230,'http://prosushi.by/wp-content/catalog/images/95_543858467679e$large.jpg','Роллы','лосось, грейпфрут, сыр, рисовая бумага, рис, лайм',NULL,NULL,NULL,NULL,NULL,NULL,'2017-04-22 22:39:22','2017-04-22 22:39:22'),(65,'Ролл с угрем, авокадо и сливочным сыром',1,NULL,NULL,10.1,215,'http://prosushi.by/wp-content/catalog/images/20_54385589227c5$large.jpg','Роллы','копченый угорь, сыр, авокадо, рис, нори',NULL,NULL,NULL,NULL,NULL,NULL,'2017-04-22 22:39:22','2017-04-22 22:39:22'),(66,'Ролл с тунцом и цукини',1,NULL,NULL,8.46,255,'http://prosushi.by/wp-content/catalog/images/150_5438547888a33$large.jpg','Роллы','тунец, цукини, сладкий перец, салат Айсберг, икра летучей рыбы васабико, рис, нори, с...',NULL,NULL,NULL,NULL,NULL,NULL,'2017-04-22 22:39:22','2017-04-22 22:39:22'),(67,'Ролл с тунцом, морским гребешком и клубникой',1,NULL,NULL,14.6,285,'http://prosushi.by/wp-content/catalog/images/152_54385524a2f46$large.jpg','Роллы','тунец, морской гребешок, авокадо, клубника, сыр, кунжут, рис, нори',NULL,NULL,NULL,NULL,NULL,NULL,'2017-04-22 22:39:22','2017-04-22 22:39:22'),(68,'Мини ролл с тунцом',1,NULL,NULL,5.35,110,'http://prosushi.by/wp-content/catalog/images/118_543852b93de79$large.jpg','Роллы','тунец, нори, рис',NULL,NULL,NULL,NULL,NULL,NULL,'2017-04-22 22:39:22','2017-04-22 22:39:22'),(69,'Ролл Айсберг',1,NULL,NULL,9.52,250,'http://prosushi.by/wp-content/catalog/images/139_543853c007f56$large.jpg','Роллы','лосось, сыр, кешью, салат Айсберг, огурец, рисовая бумага, рис, икра летучей рыбы тоб...',NULL,NULL,NULL,NULL,NULL,NULL,'2017-04-22 22:39:22','2017-04-22 22:39:22'),(70,'Пряный ролл в беконе',1,NULL,NULL,10.84,245,'http://prosushi.by/wp-content/catalog/images/90_543857def00b8$large.jpg','Роллы','креветка, помидор, паста Ким Чи, бекон, рис, нори',NULL,NULL,NULL,NULL,NULL,NULL,'2017-04-22 22:39:22','2017-04-22 22:39:22'),(71,'Ролл Рак-н-Ролл',1,NULL,NULL,12.7,232,'http://prosushi.by/wp-content/catalog/images/91_543857f48b39a$large.jpg','Роллы','креветка, авокадо, икра летучей рыбы тобико, кунжут, рис, нори, рак, перец Чили, лист...',NULL,NULL,NULL,NULL,NULL,NULL,'2017-04-22 22:39:22','2017-04-22 22:39:22'),(72,'Мини ролл с овощами',1,NULL,NULL,3.06,110,'http://prosushi.by/wp-content/catalog/images/116_52dd381c41d61$large.jpg','Роллы','огурец, сладкий перец, салат, нори, рис',NULL,NULL,NULL,NULL,NULL,NULL,'2017-04-22 22:39:22','2017-04-22 22:39:22'),(73,'Fresh Roll',1,NULL,NULL,6.6,165,'http://prosushi.by/wp-content/catalog/images/17_5438553cd6858$large.jpg','Роллы','дайкон, яблоко, огурец, салат, сыр, рисовая бумага, лайм',NULL,NULL,NULL,NULL,NULL,NULL,'2017-04-22 22:39:22','2017-04-22 22:39:22'),(74,'Ролл Orange',1,NULL,NULL,10.08,265,'http://prosushi.by/wp-content/catalog/images/92_54385808d7a42$large.jpg','Роллы','лосось, авокадо, сыр, грейпфрут, рис, нори',NULL,NULL,NULL,NULL,NULL,NULL,'2017-04-22 22:39:22','2017-04-22 22:39:22'),(75,'Ролл Tiger eye',1,NULL,NULL,13.78,220,'http://prosushi.by/wp-content/catalog/images/87_5438579f0d8e8$large.png','Роллы','лосось, авокадо, икра летучей рыбы, креветка, помидор, огурец, лист салата, темпура, ...',NULL,NULL,NULL,NULL,NULL,NULL,'2017-04-22 22:39:22','2017-04-22 22:39:22'),(76,'Ролл в рисовой бумаге с морским гребешком',1,NULL,NULL,11.96,260,'http://prosushi.by/wp-content/catalog/images/151_543854a0ba2d6$large.jpg','Роллы','морской гребешок, сыр, сладкий перец, икра летучей рыбы тобико, омлетный блинчик, рис...',NULL,NULL,NULL,NULL,NULL,NULL,'2017-04-22 22:39:22','2017-04-22 22:39:22'),(77,'Ролл Красный дракон',1,NULL,NULL,14.6,270,'http://prosushi.by/wp-content/catalog/images/18_543855561a28f$large.jpg','Роллы','копченый угорь, креветка, лосось, авокадо, сыр, рис, нори',NULL,NULL,NULL,NULL,NULL,NULL,'2017-04-22 22:39:22','2017-04-22 22:39:22'),(78,'Ролл с лососем в баклажане',1,NULL,NULL,8.36,245,'http://prosushi.by/wp-content/catalog/images/94_5438583560b39$large.jpg','Роллы','лосось, баклажан, сладкий перец, соус Баклажан, рис, нори',NULL,NULL,NULL,NULL,NULL,NULL,'2017-04-22 22:39:23','2017-04-22 22:39:23'),(79,'Мини ролл с креветкой',1,NULL,NULL,5.88,110,'http://prosushi.by/wp-content/catalog/images/117_5438529d8a7c8$large.jpg','Роллы','креветка отварная, нори, рис',NULL,NULL,NULL,NULL,NULL,NULL,'2017-04-22 22:39:23','2017-04-22 22:39:23'),(80,'Ролл Солнечный',1,NULL,NULL,9.88,245,'http://prosushi.by/wp-content/catalog/images/12_5438532fdca34$large.jpg','Роллы','лосось, сыр, омлетный блинчик, икра лосося, рис, нори',NULL,NULL,NULL,NULL,NULL,NULL,'2017-04-22 22:39:23','2017-04-22 22:39:23'),(81,'Ролл запеченный с креветкой и окунем',1,NULL,NULL,11.76,280,'http://prosushi.by/wp-content/catalog/images/13_5438539889838$large.jpg','Роллы','креветка, окунь жаренный, икра летучей рыбы тобико, сыр, огурец, помидор, листья сала...',NULL,NULL,NULL,NULL,NULL,NULL,'2017-04-22 22:39:23','2017-04-22 22:39:23'),(82,'Ролл с морским гребешком в беконе',1,NULL,NULL,12.7,265,'http://prosushi.by/wp-content/catalog/images/149_5438543c508a4$large.jpg','Роллы','морской гребешок, бекон, сыр, кешью, рис, нори, соус Айсберг',NULL,NULL,NULL,NULL,NULL,NULL,'2017-04-22 22:39:23','2017-04-22 22:39:23'),(83,'Ролл в рисовой бумаге с креветкой',1,NULL,NULL,10.1,210,'http://prosushi.by/wp-content/catalog/images/27_5438562481ab4$large.jpg','Роллы','креветка, сыр, помидор, рисовая бумага, рис, лайм',NULL,NULL,NULL,NULL,NULL,NULL,'2017-04-22 22:39:23','2017-04-22 22:39:23'),(84,'Ролл Большой',1,NULL,NULL,11.18,225,'http://prosushi.by/wp-content/catalog/images/93_5438581e78191$large.jpg','Роллы','копченый угорь, креветка, лосось, авокадо, имбирь, рис, нори',NULL,NULL,NULL,NULL,NULL,NULL,'2017-04-22 22:39:23','2017-04-22 22:39:23'),(85,'Ролл Филадельфия',1,NULL,NULL,14.8,290,'http://prosushi.by/wp-content/catalog/images/4_543856d8976fc$large.jpg','Роллы','лосось, сыр, авокадо, рис, нори',NULL,NULL,NULL,NULL,NULL,NULL,'2017-04-22 22:39:23','2017-04-22 22:39:23'),(86,'Мини ролл с угрем',1,NULL,NULL,5.75,110,'http://prosushi.by/wp-content/catalog/images/112_543851e309e22$large.jpg','Роллы','копченый угорь, нори, рис, соус Терияки, кунжут',NULL,NULL,NULL,NULL,NULL,NULL,'2017-04-22 22:39:23','2017-04-22 22:39:23'),(87,'Ролл в рисовой бумаге с тунцом',1,NULL,NULL,12.49,300,'http://prosushi.by/wp-content/catalog/images/140_543853f026a0d$large.jpg','Роллы','тунец, бекон, спаржа, рисовая бумага, рис, соус Грин, лайм',NULL,NULL,NULL,NULL,NULL,NULL,'2017-04-22 22:39:23','2017-04-22 22:39:23'),(88,'Ролл в рисовой бумаге с угрем',1,NULL,NULL,10.48,235,'http://prosushi.by/wp-content/catalog/images/32_543856b8c2a88$large.jpg','Роллы','копченый угорь, огурец, сыр, рисовая бумага, рис, соус Терияки, лайм, кунжут',NULL,NULL,NULL,NULL,NULL,NULL,'2017-04-22 22:39:23','2017-04-22 22:39:23'),(89,'Сашими с морским гребешком',1,NULL,NULL,12.1,90,'http://prosushi.by/wp-content/catalog/images/142_5438499b64c3b$large.jpg','Сашими','ракушка Сен-Жак, лайм, оливковое масло, икра летучей рыбы, кунжут, дайкон, салат, мор...',NULL,NULL,NULL,NULL,NULL,NULL,'2017-04-22 22:39:23','2017-04-22 22:39:23'),(90,'Сашими с лососем',1,NULL,NULL,8.82,90,'http://prosushi.by/wp-content/catalog/images/73_54384a09ba9ce$large.jpg','Сашими','лосось, огурец, морковь, дайкон, лист салата',NULL,NULL,NULL,NULL,NULL,NULL,'2017-04-22 22:39:23','2017-04-22 22:39:23'),(91,'Сашими с икрой лосося',1,NULL,NULL,8.65,125,'http://prosushi.by/wp-content/catalog/images/74_54384a358a651$large.jpg','Сашими','икра лосося, лимон, огурец, морковь, дайкон, лист салата',NULL,NULL,NULL,NULL,NULL,NULL,'2017-04-22 22:39:23','2017-04-22 22:39:23'),(92,'Сашими с тунцом',1,NULL,NULL,10.2,90,'http://prosushi.by/wp-content/catalog/images/75_54384a4a240f6$large.jpg','Сашими','тунец, огурец, морковь, дайкон, лист салата',NULL,NULL,NULL,NULL,NULL,NULL,'2017-04-22 22:39:23','2017-04-22 22:39:23'),(93,'Сашими с угрем',1,NULL,NULL,11.38,95,'http://prosushi.by/wp-content/catalog/images/76_54384a5c59bbc$large.jpg','Сашими','угорь, огурец, морковь, дайкон, лист салата, соус Терияки, кунжут',NULL,NULL,NULL,NULL,NULL,NULL,'2017-04-22 22:39:23','2017-04-22 22:39:23'),(94,'Мисо суп с белыми грибами',1,NULL,NULL,5.5,280,'http://prosushi.by/wp-content/catalog/images/200_588518d2313f6$large.jpg','Супы','мисо паста, бульон даши, грибы намеко, водоросли вакаме, белый гриб, тофу',NULL,NULL,NULL,NULL,NULL,NULL,'2017-04-22 22:39:23','2017-04-22 22:39:23'),(95,'Суп Том Ям на кокосовых сливках',1,NULL,NULL,8.9,340,'http://prosushi.by/wp-content/catalog/images/201_58851928b15e4$large.jpg','Супы','креветка, мидии, шиитаке, помидоры черри, кинза, лайм, кокосовые сливки,  лемонграсс,...',NULL,NULL,NULL,NULL,NULL,NULL,'2017-04-22 22:39:23','2017-04-22 22:39:23'),(96,'Тыквенный суп',1,NULL,NULL,6.37,280,'http://prosushi.by/wp-content/catalog/images/57_54384b2c2006a$large.jpg','Супы','тыква, креветка, мед, сливки, семена тыквы, кунжутное масло, перец чили',NULL,NULL,NULL,NULL,NULL,NULL,'2017-04-22 22:39:23','2017-04-22 22:39:23'),(97,'Мисо суп',1,NULL,NULL,4.24,280,'http://prosushi.by/wp-content/catalog/images/58_54384b4274c2d$large.jpg','Супы','мисо паста, сыр тофу, водоросли вакаме, грибы намеко, бульон хондаши',NULL,NULL,NULL,NULL,NULL,NULL,'2017-04-22 22:39:23','2017-04-22 22:39:23'),(98,'Суп с лапшой и говядиной',1,NULL,NULL,6.65,310,'http://prosushi.by/wp-content/catalog/images/59_54384b54f0b44$large.jpg','Супы','лапша, говядина, перец сладкий, перец чили, мисо паста, грибы намеко',NULL,NULL,NULL,NULL,NULL,NULL,'2017-04-22 22:39:23','2017-04-22 22:39:23'),(99,'Суп с лапшой и курицей',1,NULL,NULL,5.79,310,'http://prosushi.by/wp-content/catalog/images/60_54384b6cd94b8$large.jpg','Супы','лапша, цыпленок, кокосовое молоко, морковь, сладкий перец, перец чили',NULL,NULL,NULL,NULL,NULL,NULL,'2017-04-22 22:39:24','2017-04-22 22:39:24'),(100,'Суп крем из лосося',1,NULL,NULL,10.5,340,'http://prosushi.by/wp-content/catalog/images/122_54384abc7f09c$large.jpg','Супы','лосось, сливки, омлет, икра лосося, цветная капуста, соус Терияки, салат',NULL,NULL,NULL,NULL,NULL,NULL,'2017-04-22 22:39:24','2017-04-22 22:39:24'),(101,'Суп крем из цукини',1,NULL,NULL,7.4,280,'http://prosushi.by/wp-content/catalog/images/190_5757308f0f659$large.jpg','Супы','цукини, сливки, бекон, Ким Чи, чили перец, чеснок',NULL,NULL,NULL,NULL,NULL,NULL,'2017-04-22 22:39:24','2017-04-22 22:39:24'),(102,'Тартар из тунца',1,NULL,NULL,12.55,220,'http://prosushi.by/wp-content/catalog/images/204_58851aa7c2c87$large.jpg','Салаты','тунец, авокадо, кунжут, чили, руккола, помидоры черри, лайм, такуан, масло оливковое,...',NULL,NULL,NULL,NULL,NULL,NULL,'2017-04-22 22:39:24','2017-04-22 22:39:24'),(103,'Тартар из говядины',1,NULL,NULL,10.75,200,'http://prosushi.by/wp-content/catalog/images/205_58851afe89b09$large.jpg','Салаты','говядина вырезка, горчица, сок лайма, оливковое масло, кетчуп, ворчестер, сливочный с...',NULL,NULL,NULL,NULL,NULL,NULL,'2017-04-22 22:39:24','2017-04-22 22:39:24'),(104,'Тартар из лосося',1,NULL,NULL,12.55,210,'http://prosushi.by/wp-content/catalog/images/206_58851b44e1942$large.jpg','Салаты','филе лосося, огурец, орехи кешью, руккола, чили, манго пюре, терияки, лайм',NULL,NULL,NULL,NULL,NULL,NULL,'2017-04-22 22:39:24','2017-04-22 22:39:24'),(105,'Зеленый салат с мидиями',1,NULL,NULL,10.15,235,'http://prosushi.by/wp-content/catalog/images/202_588519dce3b21$large.jpg','Салаты','руккола, яблоко, цукини, авокадо, огурец, халапеньо, мидии, майонез, зеленый горошек,...',NULL,NULL,NULL,NULL,NULL,NULL,'2017-04-22 22:39:24','2017-04-22 22:39:24'),(106,'Салат с мини роллом филадельфия',1,NULL,NULL,10.65,220,'http://prosushi.by/wp-content/catalog/images/203_5885d63132e9e$large.jpg','Салаты','руккола, такуан, имбирь маринованный, клубника, сливочный сыр, рис, филе лосося, запр...',NULL,NULL,NULL,NULL,NULL,NULL,'2017-04-22 22:39:24','2017-04-22 22:39:24'),(107,'Салат с говядиной Татаки',1,NULL,NULL,8.64,270,'http://prosushi.by/wp-content/catalog/images/147_54384cfbc0a57$large.jpg','Салаты','говядина, салат Айсберг, морковь, томаты Черри, мояши, перец Чили, заправка: ореховый...',NULL,NULL,NULL,NULL,NULL,NULL,'2017-04-22 22:39:24','2017-04-22 22:39:24'),(108,'Салат с жареным тунцом темпура',1,NULL,NULL,12.28,260,'http://prosushi.by/wp-content/catalog/images/145_54384d128258e$large.jpg','Салаты','микс салатов, огурец, клубника, тунец, нори, тесто Темпура, лук порей, заправка: Баль...',NULL,NULL,NULL,NULL,NULL,NULL,'2017-04-22 22:39:24','2017-04-22 22:39:24'),(109,'Салат с маринованным тунцом',1,NULL,NULL,9.41,230,'http://prosushi.by/wp-content/catalog/images/62_54384c76d04c4$large.jpg','Салаты','микс салатов, тунец, соевый соус, заправка: соус Грин',NULL,NULL,NULL,NULL,NULL,NULL,'2017-04-22 22:39:24','2017-04-22 22:39:24'),(110,'Салат с маринованным лососем и авокадо',1,NULL,NULL,9.81,250,'http://prosushi.by/wp-content/catalog/images/63_54384c53a9dfc$large.jpg','Салаты','микс салатов, лосось, авокадо, лимон, миндаль, заправка: майонез, мисо паста',NULL,NULL,NULL,NULL,NULL,NULL,'2017-04-22 22:39:24','2017-04-22 22:39:24'),(111,'Чука салат',1,NULL,NULL,5.85,150,'http://prosushi.by/wp-content/catalog/images/64_54384c2de86c1$large.jpg','Салаты','маринованные водоросли чука, лимон, перец Чили, кунжут, заправка: ореховый соус',NULL,NULL,NULL,NULL,NULL,NULL,'2017-04-22 22:39:24','2017-04-22 22:39:24'),(112,'Салат с морепродуктами',1,NULL,NULL,9.24,240,'http://prosushi.by/wp-content/catalog/images/100_53e35c7173ba0$large.jpg','Салаты','микс салатов, кальмар, соевый соус, креветка, яблоко, лимон, заправка: соус Спайси)',NULL,NULL,NULL,NULL,NULL,NULL,'2017-04-22 22:39:24','2017-04-22 22:39:24'),(113,'Салат с беконом',1,NULL,NULL,8.58,250,'http://prosushi.by/wp-content/catalog/images/101_54384dc17a962$large.jpg','Салаты','микс салатов, томаты Черри, мояши, бекон, заправка: соус Ворчестер, масло оливковое',NULL,NULL,NULL,NULL,NULL,NULL,'2017-04-22 22:39:24','2017-04-22 22:39:24'),(114,'Салат с жареным тофу',1,NULL,NULL,6.85,170,'http://prosushi.by/wp-content/catalog/images/192_57573144ccbae$large.jpg','Салаты','тофу, огурец, цукини, перец сладкий, морковь, салат айсберг, рисовый уксус, кунжут, к...',NULL,NULL,NULL,NULL,NULL,NULL,'2017-04-22 22:39:24','2017-04-22 22:39:24'),(115,'О-Бенто ланч Понедельник',1,NULL,NULL,13.25,680,'http://prosushi.by/wp-content/catalog/images/167_54fb78701962a$large.jpg','Сеты/О-Бенто ланч','суп с морепродуктами, салат с копченым лососем и орехами (микс салатов, копченый лосо...',NULL,NULL,NULL,NULL,NULL,NULL,'2017-04-22 22:39:24','2017-04-22 22:39:24'),(116,'О-Бенто ланч Вторник',1,NULL,NULL,13.25,685,'http://prosushi.by/wp-content/catalog/images/168_54c3fa323db5b$large.jpg','Сеты/О-Бенто ланч','острый суп с курицей, салат с грейпфрутом (микс салатов, лук порей, грейпфрут), орехо...',NULL,NULL,NULL,NULL,NULL,NULL,'2017-04-22 22:39:24','2017-04-22 22:39:24'),(117,'О-Бенто ланч Среда',1,NULL,NULL,13.25,665,'http://prosushi.by/wp-content/catalog/images/169_54c3fa66e3f1d$large.jpg','Сеты/О-Бенто ланч','суп суимоно, салат с овощами и жаренным тофу, курица, овощи (перец, цукини, морковь, ...',NULL,NULL,NULL,NULL,NULL,NULL,'2017-04-22 22:39:24','2017-04-22 22:39:24'),(118,'О-Бенто ланч Четверг',1,NULL,NULL,13.25,735,'http://prosushi.by/wp-content/catalog/images/170_54c3f9fbad9cd$large.jpg','Сеты/О-Бенто ланч','суп «ромен с курицей», салат с вакаме и огурцом (черри, вакаме, огурец, кунжут), море...',NULL,NULL,NULL,NULL,NULL,NULL,'2017-04-22 22:39:24','2017-04-22 22:39:24'),(119,'Сет Вегетарианский',1,NULL,NULL,13.68,345,'http://prosushi.by/wp-content/catalog/images/98_53e35b653534a$large.jpg','Сеты/О-Бенто ланч','(½xРолл Вегас, ½xмини ролл с перцем, ½xмини ролл с маринованными водорослями, ½xмини ...',NULL,NULL,NULL,NULL,NULL,NULL,'2017-04-22 22:39:24','2017-04-22 22:39:24'),(120,'Сет 1',1,NULL,NULL,31.55,645,'http://prosushi.by/wp-content/catalog/images/129_5438503f04407$large.jpg','Сеты/О-Бенто ланч','(½xРолл Черный дракон, ½xРолл Красный дракон, ½xЗапеченный ролл с лососем, Мини-ролл ...',NULL,NULL,NULL,NULL,NULL,NULL,'2017-04-22 22:39:24','2017-04-22 22:39:24'),(121,'Сет 2',1,NULL,NULL,34.42,702,'http://prosushi.by/wp-content/catalog/images/84_543850de45f93$large.jpg','Сеты/О-Бенто ланч','(Ролл с копченным лососем и сыром, ½xРолл Секс в большом городе, ½xРолл Черный дракон...',NULL,NULL,NULL,NULL,NULL,NULL,'2017-04-22 22:39:24','2017-04-22 22:39:24'),(122,'Сет 3',1,NULL,NULL,46.97,1060,'http://prosushi.by/wp-content/catalog/images/85_543850f367a60$large.jpg','Сеты/О-Бенто ланч','(Ролл Калифорния classic, Запеченный ролл с лососем, Ролл Green, Ролл в рисовой бумаг...',NULL,NULL,NULL,NULL,NULL,NULL,'2017-04-22 22:39:24','2017-04-22 22:39:24'),(123,'Сет 4',1,NULL,NULL,53.82,1185,'http://prosushi.by/wp-content/catalog/images/86_5438510b4129b$large.jpg','Сеты/О-Бенто ланч','(Ролл Пикассо, Ролл Солнечный, Ролл Black, Ролл Cамурай, Мини-ролл с лососем, Мини-ро...',NULL,NULL,NULL,NULL,NULL,NULL,'2017-04-22 22:39:25','2017-04-22 22:39:25'),(124,'Сет 5',1,NULL,NULL,45.85,957,'http://prosushi.by/wp-content/catalog/images/130_543850a135623$large.jpg','Сеты/О-Бенто ланч','(½xРолл с угрем, авокадо и сыром, ½xРолл с копченым лососем и сыром, ½xЧерный дракон,...',NULL,NULL,NULL,NULL,NULL,NULL,'2017-04-22 22:39:25','2017-04-22 22:39:25'),(125,'Сладкий ролл в белом блинчике',1,NULL,NULL,6.96,220,'http://prosushi.by/wp-content/catalog/images/193_5757319dca3b7$large.jpg','Десерты','сливочный сыр, банан, клубника, ананас к/с, какао порошок, омлетный блинчик, сахарная...',NULL,NULL,NULL,NULL,NULL,NULL,'2017-04-22 22:39:25','2017-04-22 22:39:25'),(126,'Ролл шоколадный с клубникой',1,NULL,NULL,6.96,230,'http://prosushi.by/wp-content/catalog/images/102_54384e10c97f2$large.jpg','Десерты','шоколад, сыр, яйцо, какао порошок, клубника, киви, банан',NULL,NULL,NULL,NULL,NULL,NULL,'2017-04-22 22:39:25','2017-04-22 22:39:25'),(127,'Макарон',1,NULL,NULL,5.6,100,'http://prosushi.by/wp-content/catalog/images/103_54384e2ea04d9$large.jpg','Десерты','Нежное миндальное безе с разнообразными начинками (6 штук)',NULL,NULL,NULL,NULL,NULL,NULL,'2017-04-22 22:39:25','2017-04-22 22:39:25'),(128,'Пирожное Опера',1,NULL,NULL,3.91,95,'http://prosushi.by/wp-content/catalog/images/155_54384e795f93b$large.jpg','Десерты','',NULL,NULL,NULL,NULL,NULL,NULL,'2017-04-22 22:39:25','2017-04-22 22:39:25'),(129,'Пирожное Плезир',1,NULL,NULL,4.75,90,'http://prosushi.by/wp-content/catalog/images/156_54384e904d247$large.jpg','Десерты','',NULL,NULL,NULL,NULL,NULL,NULL,'2017-04-22 22:39:25','2017-04-22 22:39:25'),(130,'Сок PAGO яблоко',1,NULL,NULL,1.91,200,'http://prosushi.by/wp-content/catalog/images/194_5811c5c5e1ec4$large.png','Напитки','Яблочный сок восстановленный. Осветленный.',NULL,NULL,NULL,NULL,NULL,NULL,'2017-04-22 22:39:25','2017-04-22 22:39:25'),(131,'Сок PAGO апельсин',1,NULL,NULL,1.91,200,'http://prosushi.by/wp-content/catalog/images/195_5811c60637cf2$large.png','Напитки','Апельсиновый сок восстановленый',NULL,NULL,NULL,NULL,NULL,NULL,'2017-04-22 22:39:25','2017-04-22 22:39:25'),(132,'Нектар PAGO персик',1,NULL,NULL,1.91,200,'http://prosushi.by/wp-content/catalog/images/196_5811c638a45e0$large.png','Напитки','Персиковый нектар. Персиковое пюре, сахар, вода.',NULL,NULL,NULL,NULL,NULL,NULL,'2017-04-22 22:39:25','2017-04-22 22:39:25'),(133,'Сок PAGO ананас',1,NULL,NULL,1.91,200,'http://prosushi.by/wp-content/catalog/images/197_5811c65ddfe31$large.png','Напитки','Ананасовый сок восстановленый',NULL,NULL,NULL,NULL,NULL,NULL,'2017-04-22 22:39:25','2017-04-22 22:39:25'),(134,'Сок PAGO томат',1,NULL,NULL,1.91,200,'http://prosushi.by/wp-content/catalog/images/198_5811c68bd0316$large.png','Напитки','Томатный сок восстановленный. С солью.',NULL,NULL,NULL,NULL,NULL,NULL,'2017-04-22 22:39:25','2017-04-22 22:39:25'),(135,'Нектар PAGO вишня',1,NULL,NULL,1.91,200,'http://prosushi.by/wp-content/catalog/images/199_5811c7397af7b$large.png','Напитки','Нектар из вишни, лимона, бузины и чёрной смородины. Сок вишни (15%), пюре вишни (13%)...',NULL,NULL,NULL,NULL,NULL,NULL,'2017-04-22 22:39:25','2017-04-22 22:39:25'),(136,'Минеральная вода С. Пеллегрино',1,NULL,NULL,3.2,250,'http://prosushi.by/wp-content/catalog/images/158_546515c3c28e0$large.jpg','Напитки','',NULL,NULL,NULL,NULL,NULL,NULL,'2017-04-22 22:39:25','2017-04-22 22:39:25'),(137,'Минеральная вода АКВА ПАННА',1,NULL,NULL,3.2,250,'http://prosushi.by/wp-content/catalog/images/159_546516f30a757$large.jpg','Напитки','',NULL,NULL,NULL,NULL,NULL,NULL,'2017-04-22 22:39:25','2017-04-22 22:39:25'),(138,'Бонаква негазированная',1,NULL,NULL,1.22,0,'http://prosushi.by/wp-content/catalog/images/65_572d04f99c2cf$large.jpg','Напитки','вода питьевая негазированная',NULL,NULL,NULL,NULL,NULL,NULL,'2017-04-22 22:39:25','2017-04-22 22:39:25'),(139,'Бонаква среднегазированная',1,NULL,NULL,1.22,0,'http://prosushi.by/wp-content/catalog/images/66_572d04cd80269$large.jpg','Напитки','вода питьевая среднегазированная',NULL,NULL,NULL,NULL,NULL,NULL,'2017-04-22 22:39:25','2017-04-22 22:39:25'),(140,'Кока-Кола',1,NULL,NULL,1.38,0,'http://prosushi.by/wp-content/catalog/images/68_572d04285ce07$large.png','Напитки','напиток безалкогольный газированный Кока-Кола',NULL,NULL,NULL,NULL,NULL,NULL,'2017-04-22 22:39:25','2017-04-22 22:39:25'),(141,'Фанта апельсин',1,NULL,NULL,1.38,0,'http://prosushi.by/wp-content/catalog/images/70_572d045d945ec$large.jpg','Напитки','напиток безалкогольный газированный обогащенный Фанта апельсин',NULL,NULL,NULL,NULL,NULL,NULL,'2017-04-22 22:39:25','2017-04-22 22:39:25'),(142,'Спрайт',1,NULL,NULL,1.38,0,'http://prosushi.by/wp-content/catalog/images/71_572d0446767dd$large.jpg','Напитки','напиток безалкогольный газированный на ароматах Спрайт',NULL,NULL,NULL,NULL,NULL,NULL,'2017-04-22 22:39:25','2017-04-22 22:39:25'),(143,'Нести лимон',1,NULL,NULL,1.6,0,'http://prosushi.by/wp-content/catalog/images/72_572d054dd2789$large.jpg','Напитки','Напиток безалкогольный негазированный Нести лимон',NULL,NULL,NULL,NULL,NULL,NULL,'2017-04-22 22:39:25','2017-04-22 22:39:25'),(144,'Нести персик',1,NULL,NULL,1.6,0,'http://prosushi.by/wp-content/catalog/images/176_572d059c06ea0$large.jpg','Напитки','Напиток безалкогольный негазированный Нести персик',NULL,NULL,NULL,NULL,NULL,NULL,'2017-04-22 22:39:25','2017-04-22 22:39:25'),(145,'Нести лесные ягоды',1,NULL,NULL,1.6,0,'http://prosushi.by/wp-content/catalog/images/177_572d05dcef57c$large.jpg','Напитки','Напиток безалкогольный негазированный Нести лесные ягоды',NULL,NULL,NULL,NULL,NULL,NULL,'2017-04-22 22:39:25','2017-04-22 22:39:25'),(146,'Нести зеленый чай цитрус',1,NULL,NULL,1.6,0,'http://prosushi.by/wp-content/catalog/images/179_572d064f1f0ae$large.jpg','Напитки','Напиток безалкогольный негазированный Нести зеленый чай цитрус',NULL,NULL,NULL,NULL,NULL,NULL,'2017-04-22 22:39:26','2017-04-22 22:39:26'),(147,'Шашлычок с морским гребешком',1,NULL,NULL,13.77,200,'http://prosushi.by/wp-content/catalog/images/131_54c7ef91c8c63$large.jpg','Шашлычки','морской гребешок, овощная лепешка, соус Терияки, кунжут, васаби, имбирь, мояши, горчи...',NULL,NULL,NULL,NULL,NULL,NULL,'2017-04-22 22:39:26','2017-04-22 22:39:26'),(148,'Шашлычок с лососем',1,NULL,NULL,11.26,200,'http://prosushi.by/wp-content/catalog/images/132_54c7ef7da5166$large.jpg','Шашлычки','лосось, овощная лепешка, соус Терияки, кунжут, васаби, имбирь, мояши, горчица, лайм',NULL,NULL,NULL,NULL,NULL,NULL,'2017-04-22 22:39:26','2017-04-22 22:39:26'),(149,'Шашлычок с креветками',1,NULL,NULL,11.26,200,'http://prosushi.by/wp-content/catalog/images/133_54c7ef43260ff$large.jpg','Шашлычки','креветка, овощная лепешка, соус Терияки, кунжут, васаби, имбирь, мояши, горчица, лайм',NULL,NULL,NULL,NULL,NULL,NULL,'2017-04-22 22:39:26','2017-04-22 22:39:26'),(150,'Шашлычок морской микс',1,NULL,NULL,11.75,200,'http://prosushi.by/wp-content/catalog/images/134_54c7eeee372e8$large.jpg','Шашлычки','лосось, морской гребешок, креветка, овощная лепешка, соус Терияки, кунжут, васаби, им...',NULL,NULL,NULL,NULL,NULL,NULL,'2017-04-22 22:39:26','2017-04-22 22:39:26'),(151,'Шашлычок с говядиной',1,NULL,NULL,10.16,200,'http://prosushi.by/wp-content/catalog/images/135_54c7ef3185372$large.jpg','Шашлычки','говядина, овощная лепешка, соус Терияки, кунжут, васаби, имбирь, мояши, горчица',NULL,NULL,NULL,NULL,NULL,NULL,'2017-04-22 22:39:26','2017-04-22 22:39:26'),(152,'Шашлычок с курицей',1,NULL,NULL,8.42,200,'http://prosushi.by/wp-content/catalog/images/136_54c7ef5ef393c$large.jpg','Шашлычки','курица, овощная лепешка, соус Терияки, кунжут, васаби, имбирь, мояши, горчица',NULL,NULL,NULL,NULL,NULL,NULL,'2017-04-22 22:39:26','2017-04-22 22:39:26'),(153,'Шашлычок овощной',1,NULL,NULL,6.62,200,'http://prosushi.by/wp-content/catalog/images/137_54c7ef1c84a90$large.jpg','Шашлычки','цукини, баклажан, сладкий перец, лук порей, соевый соус, овощная лепешка, васаби, имб...',NULL,NULL,NULL,NULL,NULL,NULL,'2017-04-22 22:39:26','2017-04-22 22:39:26'),(154,'Шашлычок со свининой',1,NULL,NULL,9.7,200,'http://prosushi.by/wp-content/catalog/images/138_54c7efaa2fed0$large.jpg','Шашлычки','свинина, овощная лепешка, соус Терияки, кунжут, васаби, имбирь, мояши, горчица',NULL,NULL,NULL,NULL,NULL,NULL,'2017-04-22 22:39:26','2017-04-22 22:39:26'),(155,'Нигири Тамаго ',2,NULL,NULL,1.43,37,'/upload/resize_cache/iblock/aab/220_172_1/nigiri_tamago.jpg','Суши','Японский омлет, соус Унаги, кунжут белый',1.5,NULL,NULL,NULL,NULL,NULL,'2017-04-23 22:51:07','2017-04-23 22:51:07'),(156,'Нигири Сяке ',2,NULL,NULL,2.31,35,'/upload/resize_cache/iblock/8b7/220_172_1/nigiri_syake.jpg','Суши','Лосось',NULL,NULL,NULL,NULL,NULL,NULL,'2017-04-23 22:51:07','2017-04-23 22:51:07'),(157,'Нигири Унаги ',2,NULL,NULL,3.19,37,'/upload/resize_cache/iblock/249/220_172_1/nigiri_unagi.jpg','Суши','Угорь, соус Унаги, кунжут белый',NULL,NULL,NULL,NULL,NULL,NULL,'2017-04-23 22:51:07','2017-04-23 22:51:07'),(158,'Нигири Магуро',2,NULL,NULL,3.08,35,'/upload/resize_cache/iblock/574/220_172_1/nigiri_maguro.jpg','Суши','Тунец',NULL,NULL,NULL,NULL,NULL,NULL,'2017-04-23 22:51:08','2017-04-23 22:51:08'),(159,'Нигири Эби',2,NULL,NULL,2.86,35,'/upload/resize_cache/iblock/bd4/220_172_1/ngiri_ebi.jpg','Суши','Креветка',NULL,NULL,NULL,NULL,NULL,NULL,'2017-04-23 22:51:08','2017-04-23 22:51:08'),(160,'Нигири Изумитай',2,NULL,NULL,1.65,35,'/upload/resize_cache/iblock/61b/220_172_1/nigiri_izumitay.jpg','Суши','Морской окунь',1.8,NULL,NULL,NULL,NULL,NULL,'2017-04-23 22:51:08','2017-04-23 22:51:08'),(161,'Нигири Сяке Кунсей',2,NULL,NULL,2.31,35,'/upload/resize_cache/iblock/fda/220_172_1/nigiri_kunsey_syake.jpg','Суши','Копчёный лосось',NULL,NULL,NULL,NULL,NULL,NULL,'2017-04-23 22:51:08','2017-04-23 22:51:08'),(162,'Нигири Татаки Сяке',2,NULL,NULL,5.39,73,'/upload/resize_cache/iblock/7c9/220_172_1/nigiri_tataki_syake.jpg','Суши','Опаленный лосось, икра лососевая, зеленый лук',NULL,NULL,NULL,NULL,NULL,NULL,'2017-04-23 22:51:08','2017-04-23 22:51:08'),(163,'Гункан Тобико Блэк',2,NULL,NULL,2.42,35,'/upload/resize_cache/iblock/9f4/220_172_1/gunkan_tobiko_black.jpg','Суши','Икра летучей рыбы чёрная',NULL,NULL,NULL,NULL,NULL,NULL,'2017-04-23 22:51:08','2017-04-23 22:51:08'),(164,'Гункан Тобико Грин',2,NULL,NULL,2.42,35,'/upload/resize_cache/iblock/b60/220_172_1/gunkan_tobiko_green.jpg','Суши','Икра летучей рыбы зелёная',NULL,NULL,NULL,NULL,NULL,NULL,'2017-04-23 22:51:08','2017-04-23 22:51:08'),(165,'Гункан Тобико Оранж',2,NULL,NULL,2.42,35,'/upload/resize_cache/iblock/286/220_172_1/gunkan_tobiko_orange.jpg','Суши','Икра летучей рыбы оранжевая',NULL,NULL,NULL,NULL,NULL,NULL,'2017-04-23 22:51:08','2017-04-23 22:51:08'),(166,'Гункан Хияши',2,NULL,NULL,2.42,35,'/upload/resize_cache/iblock/32f/220_172_1/gunkan_hiyashi.jpg','Суши','Маринованные водоросли, ореховый соус',NULL,NULL,NULL,NULL,NULL,NULL,'2017-04-23 22:51:08','2017-04-23 22:51:08'),(167,'Гункан Икура',2,NULL,NULL,3.1,35,'/upload/resize_cache/iblock/b63/220_172_1/ginkan_ikura.jpg','Суши','Икра лососёвая',NULL,NULL,NULL,NULL,NULL,NULL,'2017-04-23 22:51:08','2017-04-23 22:51:08'),(168,'Спайси Гункан Изумитай',2,NULL,NULL,2.75,39,'/upload/resize_cache/iblock/58b/220_172_1/spicy_gunkan_izumitay.jpg','Суши','Морской окунь, соус Спайси',NULL,NULL,NULL,NULL,NULL,NULL,'2017-04-23 22:51:08','2017-04-23 22:51:08'),(169,'Спайси Гункан Магуро',2,NULL,NULL,2.97,39,'/upload/resize_cache/iblock/a8d/220_172_1/spicy_gunkan_maguro.jpg','Суши','Тунец, соус Спайси',NULL,NULL,NULL,NULL,NULL,NULL,'2017-04-23 22:51:08','2017-04-23 22:51:08'),(170,'Спайси Гункан Мурукай',2,NULL,NULL,2.75,39,'/upload/resize_cache/iblock/ae7/220_172_1/spicy_gunkan_murukai.jpg','Суши','Мидии, соус Спайси',NULL,NULL,NULL,NULL,NULL,NULL,'2017-04-23 22:51:08','2017-04-23 22:51:08'),(171,'Спайси Гункан Сяке',2,NULL,NULL,2.86,39,'/upload/resize_cache/iblock/603/220_172_1/spicy_gunkan_syake.jpg','Суши','Лосось, соус Спайси',NULL,NULL,NULL,NULL,NULL,NULL,'2017-04-23 22:51:08','2017-04-23 22:51:08'),(172,'Спайси Гункан Овара',2,NULL,NULL,2.75,39,'/upload/resize_cache/iblock/4c9/220_172_1/spicy_gunkan_ovara.jpg','Суши','Жареный лосось в соусе Терияки, соус Спайси',NULL,NULL,NULL,NULL,NULL,NULL,'2017-04-23 22:51:08','2017-04-23 22:51:08'),(173,'Спайси Гункан Унаги',2,NULL,NULL,3.19,39,'/upload/resize_cache/iblock/c18/220_172_1/spicy_gunkan_unagi.jpg','Суши','Угорь, соус Спайси',NULL,NULL,NULL,NULL,NULL,NULL,'2017-04-23 22:51:08','2017-04-23 22:51:08'),(174,'Спайси Гункан Эби',2,NULL,NULL,3.08,39,'/upload/resize_cache/iblock/de1/220_172_1/spicy_gunkan_ebi.jpg','Суши','Креветка, соус Спайси',NULL,NULL,NULL,NULL,NULL,NULL,'2017-04-23 22:51:08','2017-04-23 22:51:08'),(175,'Спайси Гункан Хотате ',2,NULL,NULL,3.41,39,'/upload/resize_cache/iblock/824/220_172_1/spicy_gunkan_hotate.jpg','Суши','Морской гребешок, соус Спайси',NULL,NULL,NULL,NULL,NULL,NULL,'2017-04-23 22:51:08','2017-04-23 22:51:08'),(176,'Спайси Гункан Киноко',2,NULL,NULL,2.42,40,'/upload/resize_cache/iblock/976/220_172_1/spicy_gunkan_kinoko.jpg','Суши','Грибы, зелёный лук, соус Спайси',NULL,NULL,NULL,NULL,NULL,NULL,'2017-04-23 22:51:09','2017-04-23 22:51:09'),(177,'Ямагути маки',2,NULL,NULL,11.8,250,'/upload/resize_cache/iblock/115/220_172_1/yamaguti-maki_20.jpg','Роллы','Лосось, тунец, окунь, сливочный сыр, огурец, перец сладкий',14.74,NULL,NULL,NULL,NULL,NULL,'2017-04-23 22:51:09','2017-04-23 22:51:09'),(178,'Филадельфия маки',2,NULL,NULL,14.96,300,'/upload/resize_cache/iblock/348/220_172_1/philadephia maki.jpg','Роллы','Лосось, сливочный сыр ',NULL,NULL,NULL,NULL,NULL,NULL,'2017-04-23 22:51:09','2017-04-23 22:51:09'),(179,'Тора маки',2,NULL,NULL,14.19,250,'/upload/resize_cache/iblock/e76/220_172_1/tora maki.jpg','Роллы','Лосось, тунец, икра летучей рыбы, салат Айберг, сливочный сыр',NULL,NULL,NULL,NULL,NULL,NULL,'2017-04-23 22:51:09','2017-04-23 22:51:09'),(180,'Кайджи маки',2,NULL,NULL,14.19,290,'/upload/resize_cache/iblock/0db/220_172_1/kaydzi maki.jpg','Роллы','Лосось, окунь, сливочный сыр, икра летучей рыбы, соус Терияки',NULL,NULL,NULL,NULL,NULL,NULL,'2017-04-23 22:51:09','2017-04-23 22:51:09'),(181,'Магума маки',2,NULL,NULL,14.99,211,'/upload/resize_cache/iblock/7fe/220_172_1/maguma_maki_1.jpg','Роллы','Опаленный тунец, икра летучей рыбы, темпура, соус Спайси, перец черный',NULL,NULL,NULL,NULL,NULL,NULL,'2017-04-23 22:51:09','2017-04-23 22:51:09'),(182,'Кадзуми маки',2,NULL,NULL,11.99,211,'/upload/resize_cache/iblock/7a7/220_172_1/kadzumi_maki_1.jpg','Роллы','Копченый лосось, темпура, лосось жареный в соусе Терияки, майонез',NULL,NULL,NULL,NULL,NULL,NULL,'2017-04-23 22:51:09','2017-04-23 22:51:09'),(183,'Чили Изумитай маки',2,NULL,NULL,11.99,270,'/upload/resize_cache/iblock/d8e/220_172_1/chile-izumitai-maki_1.jpg','Роллы','Опаленный морской окунь, темпура, соус Спайси, соус Чили, черный кунжут',NULL,NULL,NULL,NULL,NULL,NULL,'2017-04-23 22:51:09','2017-04-23 22:51:09'),(184,'Аризона маки',2,NULL,NULL,11.99,186,'/upload/resize_cache/iblock/11c/220_172_1/arizona_maki1.jpg','Роллы','Опаленный лосось, икра летучей рыбы, темпура, соус Спайси, кунжут черный',NULL,NULL,NULL,NULL,NULL,NULL,'2017-04-23 22:51:09','2017-04-23 22:51:09'),(185,'Киото маки',2,NULL,NULL,14.19,250,'/upload/resize_cache/iblock/68e/220_172_1/kioto maki.jpg','Роллы','Угорь, авокадо, огурец, соус Унаги, кунжут белый',NULL,NULL,NULL,NULL,NULL,NULL,'2017-04-23 22:51:09','2017-04-23 22:51:09'),(186,'Эби Калифорния маки',2,NULL,NULL,11.77,240,'/upload/resize_cache/iblock/f26/220_172_1/ebi kalifornia maki.jpg','Роллы','Креветка, авокадо, огурец, майонез, икра летучей рыбы',NULL,NULL,NULL,NULL,NULL,NULL,'2017-04-23 22:51:09','2017-04-23 22:51:09'),(187,'Сакано маки',2,NULL,NULL,13.09,270,'/upload/resize_cache/iblock/b93/220_172_1/sakano mai.jpg','Роллы','Лосось, сливочный сыр, авокадо, огурец ',NULL,NULL,NULL,NULL,NULL,NULL,'2017-04-23 22:51:09','2017-04-23 22:51:09'),(188,'Бонито маки',2,NULL,NULL,9.13,215,'/upload/resize_cache/iblock/69f/220_172_1/bonito maki.jpg','Роллы','Лосось, сливочный сыр, авокадо, стружка тунца ',NULL,NULL,NULL,NULL,NULL,NULL,'2017-04-23 22:51:09','2017-04-23 22:51:09'),(189,'Ямато маки',2,NULL,NULL,9.02,220,'/upload/resize_cache/iblock/a82/220_172_1/yamato maki.jpg','Роллы','Лосось, сливочный сыр, авокадо, кунжут белый',NULL,NULL,NULL,NULL,NULL,NULL,'2017-04-23 22:51:09','2017-04-23 22:51:09'),(190,'Юкки маки',2,NULL,NULL,10.45,189,'/upload/resize_cache/iblock/5f4/220_172_1/yukki-maki.jpg','Роллы','Лосось жаренный в соусе Терияки, перец сладкий, сливочный сыр, перец черный',NULL,NULL,NULL,NULL,NULL,NULL,'2017-04-23 22:51:09','2017-04-23 22:51:09'),(191,'Вакамэ маки',2,NULL,NULL,11.33,275,'/upload/resize_cache/iblock/bfa/220_172_1/vakame maki.jpg','Роллы','Лосось, сливочный сыр, маринованные морские водоросли',NULL,NULL,NULL,NULL,NULL,NULL,'2017-04-23 22:51:09','2017-04-23 22:51:09'),(192,'Акита маки',2,NULL,NULL,13.97,255,'/upload/resize_cache/iblock/a6c/220_172_1/akita maki.jpg','Роллы','Креветка, сливочный сыр, огурец, икра летучей рыбы ',NULL,NULL,NULL,NULL,NULL,NULL,'2017-04-23 22:51:09','2017-04-23 22:51:09'),(193,'Манхэттен маки',2,NULL,NULL,13.64,245,'/upload/resize_cache/iblock/862/220_172_1/manhetten maki.jpg','Роллы','Угорь, копчёный лосось, сливочный сыр, соус Спайси, огурец, икра летучей рыбы, кунжут черный',NULL,NULL,NULL,NULL,NULL,NULL,'2017-04-23 22:51:09','2017-04-23 22:51:09'),(194,'Вакканай маки ',2,NULL,NULL,10.78,225,'/upload/resize_cache/iblock/559/220_172_1/vakkanai maki.jpg','Роллы','Лосось, морской окунь, сливочный сыр, имбирь розовый, кунжут белый ',NULL,NULL,NULL,NULL,NULL,NULL,'2017-04-23 22:51:10','2017-04-23 22:51:10'),(195,'Канада маки',2,NULL,NULL,14.74,280,'/upload/resize_cache/iblock/4e5/220_172_1/kanada maki.jpg','Роллы','Угорь, огурец, сливочный сыр, авокадо, соус Унаги, кунжут  белый',NULL,NULL,NULL,NULL,NULL,NULL,'2017-04-23 22:51:10','2017-04-23 22:51:10'),(196,'Унаги Филадельфия маки',2,NULL,NULL,15.29,280,'/upload/resize_cache/iblock/4a8/220_172_1/unagi philadelphia maki.jpg','Роллы','Угорь, сливочный сыр, соус Унаги, кунжут белый',NULL,NULL,NULL,NULL,NULL,NULL,'2017-04-23 22:51:10','2017-04-23 22:51:10'),(197,'Фреш маки',2,NULL,NULL,14.19,300,'/upload/resize_cache/iblock/955/220_172_1/fresh maki.jpg','Роллы',' Лосось, сливочный сыр, авокадо, майонез, икра лососевая',NULL,NULL,NULL,NULL,NULL,NULL,'2017-04-23 22:51:10','2017-04-23 22:51:10'),(198,'Микс Филадельфия маки',2,NULL,NULL,12.68,287,'/upload/resize_cache/iblock/650/220_172_1/mix-philadelphia-maki_20.jpg','Роллы','Тунец, лосось, окунь, сливочный сыр',15.84,NULL,NULL,NULL,NULL,NULL,'2017-04-23 22:51:10','2017-04-23 22:51:10'),(199,'Тай маки',2,NULL,NULL,11.99,220,'/upload/resize_cache/iblock/5b2/220_172_1/tai maki.jpg','Роллы','Морской окунь опаленный, креветка, сливочный сыр, яблоко, соус Чили сладкий, кунжут черный',NULL,NULL,NULL,NULL,NULL,NULL,'2017-04-23 22:51:10','2017-04-23 22:51:10'),(200,'Эдо маки',2,NULL,NULL,13.09,270,'/upload/resize_cache/iblock/a3c/220_172_1/edo maki.jpg','Роллы','Креветка в темпуре, сливочный сыр, огурец, соус Терияки, кунжут белый',NULL,NULL,NULL,NULL,NULL,NULL,'2017-04-23 22:51:10','2017-04-23 22:51:10'),(201,'Осака маки',2,NULL,NULL,10.34,220,'/upload/resize_cache/iblock/9c6/220_172_1/osaka_maki.jpg','Роллы','Мидии, сливочный сыр, лук зеленый, укроп',NULL,NULL,NULL,NULL,NULL,NULL,'2017-04-23 22:51:10','2017-04-23 22:51:10'),(202,'Кьюри маки',2,NULL,NULL,11.66,250,'/upload/resize_cache/iblock/58c/220_172_1/kyuri maki.jpg','Роллы','Лосось, сливочный сыр, огурец, соус Терияки, кунжут белый',NULL,NULL,NULL,NULL,NULL,NULL,'2017-04-23 22:51:10','2017-04-23 22:51:10'),(203,'Асахи маки ',2,NULL,NULL,11.96,225,'/upload/resize_cache/iblock/e62/220_172_1/asahi-maki_20.jpg','Роллы','Лосось, креветка, сливочный сыр, авокадо, икра летучей рыбы',14.96,NULL,NULL,NULL,NULL,NULL,'2017-04-23 22:51:10','2017-04-23 22:51:10'),(204,'Уми маки',2,NULL,NULL,9.79,235,'/upload/resize_cache/iblock/b0f/220_172_1/umi maki.jpg','Роллы','Морской окунь, сливочный сыр, огурец, лук зелёный, соус Спайси, кунжут белый',NULL,NULL,NULL,NULL,NULL,NULL,'2017-04-23 22:51:10','2017-04-23 22:51:10'),(205,'Икура маки ',2,NULL,NULL,11.44,225,'/upload/resize_cache/iblock/0cf/220_172_1/ikura maki.jpg','Роллы','Тунец, сливочный сыр, огурец, зелёный лук, икра лососёвая, кунжут черный',NULL,NULL,NULL,NULL,NULL,NULL,'2017-04-23 22:51:10','2017-04-23 22:51:10'),(206,'Сендай маки',2,NULL,NULL,13.56,269,'/upload/resize_cache/iblock/23b/220_172_1/sendai-maki_20.jpg','Роллы','Сливочный сыр, огурец, угорь, икра летучей рыбы, лосось копчёный, соус Спайси, лук зеленый',16.94,NULL,NULL,NULL,NULL,NULL,'2017-04-23 22:51:10','2017-04-23 22:51:10'),(207,'Грин маки',2,NULL,NULL,10.89,235,'/upload/resize_cache/iblock/23c/220_172_1/green maki.jpg','Роллы','Копчёный лосось, сливочный сыр, огурец, укроп, перец сладкий',NULL,NULL,NULL,NULL,NULL,NULL,'2017-04-23 22:51:10','2017-04-23 22:51:10'),(208,'Сумото маки',2,NULL,NULL,11.99,200,'/upload/resize_cache/iblock/e3a/220_172_1/sumoto maki.jpg','Роллы','Тунец, сливочный сыр, зелёный лук, перец чёрный',NULL,NULL,NULL,NULL,NULL,NULL,'2017-04-23 22:51:10','2017-04-23 22:51:10'),(209,'Китами маки',2,NULL,NULL,11.44,220,'/upload/resize_cache/iblock/fbe/220_172_1/kitami maki.jpg','Роллы','Лосось, сливочный сыр, огурец, зелёный лук, икра летучей рыбы',NULL,NULL,NULL,NULL,NULL,NULL,'2017-04-23 22:51:10','2017-04-23 22:51:10'),(210,'Кацуо-буши маки',2,NULL,NULL,10.34,230,'/upload/resize_cache/iblock/859/220_172_1/katsuo-bushi maki.jpg','Роллы','Жареный лосось, сливочный сыр, соус Терияки, авокадо, стружка тунца',NULL,NULL,NULL,NULL,NULL,NULL,'2017-04-23 22:51:10','2017-04-23 22:51:10'),(211,'Кьюри Тамаго маки',2,NULL,NULL,9.79,250,'/upload/resize_cache/iblock/bde/220_172_1/kyuri tamago maki.jpg','Роллы','Японский омлет, сливочный сыр, огурец, соус Терияки, кунжут',NULL,NULL,NULL,NULL,NULL,NULL,'2017-04-23 22:51:10','2017-04-23 22:51:10'),(212,'Филадельфия Авокадо маки',2,NULL,NULL,15.29,310,'/upload/resize_cache/iblock/e78/220_172_1/philadelphia avokado maki.jpg','Роллы','Лосось, авокадо, сливочный сыр',NULL,NULL,NULL,NULL,NULL,NULL,'2017-04-23 22:51:10','2017-04-23 22:51:10'),(213,'Хаус маки',2,NULL,NULL,16.39,270,'/upload/resize_cache/iblock/cca/220_172_1/house maki.jpg','Роллы','Лосось, угорь, креветка, сливочный сыр, авокадо',NULL,NULL,NULL,NULL,NULL,NULL,'2017-04-23 22:51:10','2017-04-23 22:51:10'),(214,'Хаконэ маки',2,NULL,NULL,15.29,280,'/upload/resize_cache/iblock/d9f/220_172_1/hakone maki.jpg','Роллы','Лосось опаленный, сливочный сыр, огурец, икра лососевая',NULL,NULL,NULL,NULL,NULL,NULL,'2017-04-23 22:51:10','2017-04-23 22:51:10'),(215,'Наго маки',2,NULL,NULL,8.69,210,'/upload/resize_cache/iblock/56f/220_172_1/nago maki.jpg','Роллы','Огурец, перец сладкий, сливочный сыр, кунжут черный',NULL,NULL,NULL,NULL,NULL,NULL,'2017-04-23 22:51:11','2017-04-23 22:51:11'),(216,'Эби Филадельфия маки',2,NULL,NULL,14.79,270,'/upload/resize_cache/iblock/375/220_172_1/ebi philadelphia maki.jpg','Роллы','Креветка,сливочный сыр',NULL,NULL,NULL,NULL,NULL,NULL,'2017-04-23 22:51:11','2017-04-23 22:51:11'),(217,'Магуро Филадельфия маки',2,NULL,NULL,15.29,285,'/upload/resize_cache/iblock/7bc/220_172_1/maguro philadelphia maki.jpg','Роллы','Тунец, сливочный сыр',NULL,NULL,NULL,NULL,NULL,NULL,'2017-04-23 22:51:11','2017-04-23 22:51:11'),(218,'Дракон маки',2,NULL,NULL,14.19,240,'/upload/resize_cache/iblock/d1c/220_172_1/dragon maki.jpg','Роллы','Угорь, сливочный сыр, огурец, икра летучей рыбы, соус Спайси, зелёный лук, стружка тунца',NULL,NULL,NULL,NULL,NULL,NULL,'2017-04-23 22:51:11','2017-04-23 22:51:11'),(219,'Авокадо маки',2,NULL,NULL,3.96,102,'/upload/resize_cache/iblock/0e5/220_172_1/avokado_maki.jpg','Роллы','Авокадо',NULL,NULL,NULL,NULL,NULL,NULL,'2017-04-23 22:51:11','2017-04-23 22:51:11'),(220,'Сяке Уайт маки',2,NULL,NULL,5.94,110,'/upload/resize_cache/iblock/317/220_172_1/syake_white_maki.jpg','Роллы','Лосось, сливочный сыр',NULL,NULL,NULL,NULL,NULL,NULL,'2017-04-23 22:51:11','2017-04-23 22:51:11'),(221,'Хияши маки',2,NULL,NULL,4.29,102,'/upload/resize_cache/iblock/4ab/220_172_1/hiyashi_maki.jpg','Роллы','Маринованные водоросли',NULL,NULL,NULL,NULL,NULL,NULL,'2017-04-23 22:51:11','2017-04-23 22:51:11'),(222,'Сяке маки',2,NULL,NULL,4.51,102,'/upload/resize_cache/iblock/75e/220_172_1/syake_maki.jpg','Роллы','Лосось',NULL,NULL,NULL,NULL,NULL,NULL,'2017-04-23 22:51:11','2017-04-23 22:51:11'),(223,'Эби маки',2,NULL,NULL,5.83,102,'/upload/resize_cache/iblock/e86/220_172_1/ebi_maki.jpg','Роллы','Креветка',NULL,NULL,NULL,NULL,NULL,NULL,'2017-04-23 22:51:11','2017-04-23 22:51:11'),(224,'Текка маки',2,NULL,NULL,5.5,102,'/upload/resize_cache/iblock/f2b/220_172_1/tekka_maki.jpg','Роллы','Тунец',5.7,NULL,NULL,NULL,NULL,NULL,'2017-04-23 22:51:11','2017-04-23 22:51:11'),(225,'Кунсей Сяке маки',2,NULL,NULL,4.51,102,'/upload/resize_cache/iblock/884/220_172_1/kunsey_syake_maki.jpg','Роллы','Копчёный лосось',NULL,NULL,NULL,NULL,NULL,NULL,'2017-04-23 22:51:11','2017-04-23 22:51:11'),(226,'Унаги маки',2,NULL,NULL,5.94,110,'/upload/resize_cache/iblock/4ae/220_172_1/unagi_maki.jpg','Роллы','Угорь',NULL,NULL,NULL,NULL,NULL,NULL,'2017-04-23 22:51:11','2017-04-23 22:51:11'),(227,'Спайси Сяке маки',2,NULL,NULL,5.83,108,'/upload/resize_cache/iblock/a9e/220_172_1/spicy_syake_maki.jpg','Роллы','Лосось, соус Спайси, зелёный лук',NULL,NULL,NULL,NULL,NULL,NULL,'2017-04-23 22:51:11','2017-04-23 22:51:11'),(228,'Каппа маки',2,NULL,NULL,3.19,102,'/upload/resize_cache/iblock/7bf/220_172_1/kappa_maki.jpg','Роллы','Огурец',3.3,NULL,NULL,NULL,NULL,NULL,'2017-04-23 22:51:11','2017-04-23 22:51:11'),(229,'Спайси Хотате маки',2,NULL,NULL,8.69,116,'/upload/resize_cache/iblock/a78/220_172_1/spicy_hotate_maki.jpg','Роллы','Морской гребешок, икра летучей рыбы, соус Спайси',NULL,NULL,NULL,NULL,NULL,NULL,'2017-04-23 22:51:11','2017-04-23 22:51:11'),(230,'Изумитай маки',2,NULL,NULL,5.61,102,'/upload/resize_cache/iblock/9db/220_172_1/izumitay_maki.jpg','Роллы','Морской окунь',NULL,NULL,NULL,NULL,NULL,NULL,'2017-04-23 22:51:11','2017-04-23 22:51:11'),(231,'Эби Уайт маки',2,NULL,NULL,7.59,110,'/upload/resize_cache/iblock/087/220_172_1/ebi_white_maki.jpg','Роллы','Креветка, сливочный сыр',NULL,NULL,NULL,NULL,NULL,NULL,'2017-04-23 22:51:11','2017-04-23 22:51:11'),(232,'Спайси Кунсей маки',2,NULL,NULL,6.93,107,'/upload/resize_cache/iblock/eab/220_172_1/spicy_kunsey_maki.jpg','Роллы','Копчёный лосось, соус Спайси',NULL,NULL,NULL,NULL,NULL,NULL,'2017-04-23 22:51:12','2017-04-23 22:51:12'),(233,'Мурукай маки',2,NULL,NULL,5.94,102,'/upload/resize_cache/iblock/072/220_172_1/murukai_maki.jpg','Роллы','Лосось',NULL,NULL,NULL,NULL,NULL,NULL,'2017-04-23 22:51:12','2017-04-23 22:51:12'),(234,'Хакусан маки ',2,NULL,NULL,7.15,188,'/upload/resize_cache/iblock/d90/220_172_1/hakusan_maki.jpg','Роллы','Морской окунь в кляре, авокадо, соус Спайси',NULL,NULL,NULL,NULL,NULL,NULL,'2017-04-23 22:51:12','2017-04-23 22:51:12'),(235,'Михара маки',2,NULL,NULL,10.89,280,'/upload/resize_cache/iblock/ad8/220_172_1/mihara maki.jpg','Роллы','Лосось, авокадо, окунь, икра летучей рыбы, соус Спайси',NULL,NULL,NULL,NULL,NULL,NULL,'2017-04-23 22:51:12','2017-04-23 22:51:12'),(236,'Спайси Изумитай маки ',2,NULL,NULL,7.04,188,'/upload/resize_cache/iblock/205/220_172_1/izumitay_spicy_maki.jpg','Роллы','Морской окунь, сливочный сыр, соус Спайси',NULL,NULL,NULL,NULL,NULL,NULL,'2017-04-23 22:51:12','2017-04-23 22:51:12'),(237,'Токио маки ',2,NULL,NULL,9.79,188,'/upload/resize_cache/iblock/276/220_172_1/tokio_maki.jpg','Роллы','Копчёный лосось, сливочный сыр, огурец, соус Спайси',NULL,NULL,NULL,NULL,NULL,NULL,'2017-04-23 22:51:12','2017-04-23 22:51:12'),(238,'Спайси Киноко маки',2,NULL,NULL,8.69,191,'/upload/resize_cache/iblock/849/220_172_1/spicy_kinoko_maki.jpg','Роллы','Грибы Шампиньоны, соус Спайси, зелёный лук',NULL,NULL,NULL,NULL,NULL,NULL,'2017-04-23 22:51:12','2017-04-23 22:51:12'),(239,'Спайси Пиро маки',2,NULL,NULL,8.25,191,'/upload/resize_cache/iblock/016/220_172_1/spicy_piro_maki.jpg','Роллы','Лосось жареный в соусе Терияки, зелёный лук, соус Спайси, огурец',NULL,NULL,NULL,NULL,NULL,NULL,'2017-04-23 22:51:12','2017-04-23 22:51:12'),(240,'Окаяма маки',2,NULL,NULL,5.94,178,'/upload/resize_cache/iblock/ff5/220_172_1/okayama_maki.jpg','Роллы','Огурец, сливочный сыр',NULL,NULL,NULL,NULL,NULL,NULL,'2017-04-23 22:51:12','2017-04-23 22:51:12'),(241,'Сяке Авокадо маки',2,NULL,NULL,7.92,188,'/upload/resize_cache/iblock/15e/220_172_1/syake_avokado_maki.jpg','Роллы','Лосось, авокадо',NULL,NULL,NULL,NULL,NULL,NULL,'2017-04-23 22:51:12','2017-04-23 22:51:12'),(242,'Кунсей Каппа маки',2,NULL,NULL,9.24,188,'/upload/resize_cache/iblock/be8/220_172_1/kunsey_kappa_maki.jpg','Роллы','Копчёный лосось, огурец',NULL,NULL,NULL,NULL,NULL,NULL,'2017-04-23 22:51:12','2017-04-23 22:51:12'),(243,'Унаги Каппа маки',2,NULL,NULL,9.79,205,'/upload/resize_cache/iblock/de3/220_172_1/unagi_kappa_maki.jpg','Роллы','Угорь, огурец, соус Унаги, кунжут белый',NULL,NULL,NULL,NULL,NULL,NULL,'2017-04-23 22:51:12','2017-04-23 22:51:12'),(244,'Тамаго Эби маки',2,NULL,NULL,15.29,220,'/upload/resize_cache/iblock/7e7/220_172_1/tamago ebi maki.jpg','Роллы','Креветка, огурец, соус Спайси, японский омлет',NULL,NULL,NULL,NULL,NULL,NULL,'2017-04-23 22:51:12','2017-04-23 22:51:12'),(245,'Спайси Тамаго Киноко маки',2,NULL,NULL,9.68,200,'/upload/resize_cache/iblock/505/220_172_1/spicy tamago kinoko maki.jpg','Роллы','Грибы жареные, японский омлет, соус Спайси, лук зелёный',NULL,NULL,NULL,NULL,NULL,NULL,'2017-04-23 22:51:12','2017-04-23 22:51:12'),(246,'Тамаго Киноко маки',2,NULL,NULL,9.57,200,'/upload/resize_cache/iblock/85b/220_172_1/tamago kinoko maki.jpg','Роллы','Грибы жареные, омлет, майонез, лук зелёный',NULL,NULL,NULL,NULL,NULL,NULL,'2017-04-23 22:51:12','2017-04-23 22:51:12'),(247,'Тамаго Каппа маки',2,NULL,NULL,8.25,200,'/upload/resize_cache/iblock/edc/220_172_1/tamago kappa maki.jpg','Роллы','Сливочный сыр, огурец, японский омлет, соус Спайси',NULL,NULL,NULL,NULL,NULL,NULL,'2017-04-23 22:51:12','2017-04-23 22:51:12'),(248,'Тамаго Кунсей маки',2,NULL,NULL,9.79,205,'/upload/resize_cache/iblock/808/220_172_1/tamago kunsey maki.jpg','Роллы','Копчёный лосось, сливочный сыр, огурец, японский омлет',NULL,NULL,NULL,NULL,NULL,NULL,'2017-04-23 22:51:12','2017-04-23 22:51:12'),(249,'Тамаго Сяке маки',2,NULL,NULL,9.68,210,'/upload/resize_cache/iblock/442/220_172_1/tamago syake maki.jpg','Роллы','Лосось, сливочный сыр, японский омлет, огурец',NULL,NULL,NULL,NULL,NULL,NULL,'2017-04-23 22:51:12','2017-04-23 22:51:12'),(250,'Хот Вулкан маки',2,NULL,NULL,16.94,290,'/upload/resize_cache/iblock/dd2/220_172_1/hot volcano maki .jpg','Роллы','Лосось, морской гребешок, огурец, соус Спайси, икра летучей рыбы ',NULL,NULL,NULL,NULL,NULL,NULL,'2017-04-23 22:51:12','2017-04-23 22:51:12'),(251,'Хот Унаги маки  ',2,NULL,NULL,16.94,272,'/upload/resize_cache/iblock/836/220_172_1/hot unagi maki.jpg','Роллы','Угорь, огурец, сливочный сыр, икра летучей рыбы, соус Унаги',NULL,NULL,NULL,NULL,NULL,NULL,'2017-04-23 22:51:13','2017-04-23 22:51:13'),(252,'Хот Мацури маки',2,NULL,NULL,14.19,227,'/upload/resize_cache/iblock/347/220_172_1/hot matsuri maki.jpg','Роллы','Лосось, креветка, салат айсберг, огурец, икра летучей рыбы, сыр сливочный',NULL,NULL,NULL,NULL,NULL,NULL,'2017-04-23 22:51:13','2017-04-23 22:51:13'),(253,'Хот Ямато маки',2,NULL,NULL,13.09,252,'/upload/resize_cache/iblock/21b/220_172_1/hot yamato maki.jpg','Роллы','Лосось, сливочный сыр, авокадо',NULL,NULL,NULL,NULL,NULL,NULL,'2017-04-23 22:51:13','2017-04-23 22:51:13'),(254,'Хот Эби Маки',2,NULL,NULL,16.72,267,'/upload/resize_cache/iblock/9d5/220_172_1/hot ebi maki.jpg','Роллы','Креветка, сливочный сыр, огурец, зелёный лук, икра летучей рыбы',NULL,NULL,NULL,NULL,NULL,NULL,'2017-04-23 22:51:13','2017-04-23 22:51:13'),(255,'Моцный сет',2,NULL,NULL,56.49,1035,'/upload/resize_cache/iblock/6b7/220_172_1/mocny_set.jpg','Сеты','Манхэттен маки, Ямагути маки, Чили Изумитай маки, Хаус Маки',NULL,NULL,NULL,NULL,NULL,NULL,'2017-04-23 22:51:13','2017-04-23 22:51:13'),(256,'Овара сет',2,NULL,NULL,33.55,712,'/upload/resize_cache/iblock/99a/220_172_1/ovara_set.jpg','Сеты','Юкки маки, Кацуо-буши маки, Спайси Пиро маки, Сяке маки',NULL,NULL,NULL,NULL,NULL,NULL,'2017-04-23 22:51:13','2017-04-23 22:51:13'),(257,'Сяке сет',2,NULL,NULL,31.68,928,'/upload/resize_cache/iblock/d1a/220_172_1/syake_set_new.jpg','Сеты','Сет состоит из 5 роллов с лососем в сочетании с другими классическими ингредиентами (сливочным сыром, авокадо, зеленым луком, огурцом и соусом Спайси)',39.6,NULL,NULL,NULL,NULL,NULL,'2017-04-23 22:51:13','2017-04-23 22:51:13'),(258,'Хит сет',2,NULL,NULL,42.9,985,'/upload/resize_cache/iblock/da6/220_172_1/hit_set.jpg','Сеты','Филадельфия маки, Ямато маки, Бонито маки, Кьюри Тамаго маки',NULL,NULL,NULL,NULL,NULL,NULL,'2017-04-23 22:51:13','2017-04-23 22:51:13'),(259,'Ланч сет #1 (по будням с 11:00 до 16:00)',2,NULL,NULL,8.69,310,'/upload/resize_cache/iblock/e8c/220_172_1/lunch_set_1.1.jpg','Сеты','Ямато маки (4 шт.), Токио маки (4 шт.), Сяке Уайт маки (4 шт.), Каппа маки (4 шт.)',13.98,NULL,NULL,NULL,NULL,NULL,'2017-04-23 22:51:13','2017-04-23 22:51:13'),(260,'Ланч сет #2 (по будням с 11:00 до 16:00)',2,NULL,NULL,8.69,296,'/upload/resize_cache/iblock/681/220_172_1/lunch_set_2.1.jpg','Сеты','Наго маки (4 шт.), Окаяма маки (4 шт.), Хияши маки (4 шт.), Авокадо маки (4 шт.)',11.32,NULL,NULL,NULL,NULL,NULL,'2017-04-23 22:51:13','2017-04-23 22:51:13'),(261,'Ланч сет #3 (по будням с 11:00 до 16:00)',2,NULL,NULL,8.69,324,'/upload/resize_cache/iblock/90b/220_172_1/lunch_set_3.jpg','Сеты','Наго маки (4 шт.), Окаяма маки (4 шт.), Хияши маки (4 шт.), Авокадо маки (4 шт.)',15.17,NULL,NULL,NULL,NULL,NULL,'2017-04-23 22:51:13','2017-04-23 22:51:13'),(262,'Ланч сет #4 (по будням с 11:00 до 16:00)',2,NULL,NULL,8.69,330,'/upload/resize_cache/iblock/eb1/220_172_1/lunch_set_4.1.jpg','Сеты','Наго маки (4 шт.), Окаяма маки (4 шт.), Хияши маки (4 шт.), Авокадо маки (4 шт.)',15.79,NULL,NULL,NULL,NULL,NULL,'2017-04-23 22:51:13','2017-04-23 22:51:13'),(263,'Ретро сет',2,NULL,NULL,44.63,911,'/upload/resize_cache/iblock/838/220_172_1/retro_set.jpg','Сеты','1.Ролл в икре летучей рыбы с авокадо,огурцом и сурими ',NULL,NULL,NULL,NULL,NULL,NULL,'2017-04-23 22:51:13','2017-04-23 22:51:13'),(264,'Изуми сет',2,NULL,NULL,59,1024,'/upload/resize_cache/iblock/7f4/220_172_1/izumi_set.jpg','Сеты','1.Ролл в опаленном беконе с лососем жаренным в соусе Терияки и сливочным сыром',NULL,NULL,NULL,NULL,NULL,NULL,'2017-04-23 22:51:13','2017-04-23 22:51:13'),(265,'Ниндзя сет',2,NULL,NULL,66.67,1002,'/upload/resize_cache/iblock/a16/220_172_1/ninja_set.jpg','Сеты','1. Опаленный бекон, лосось жаренный в соусе Терияки, нежный сливочный сыр.',NULL,NULL,NULL,NULL,NULL,NULL,'2017-04-23 22:51:13','2017-04-23 22:51:13'),(266,'Годзилла сет',2,NULL,NULL,69.34,1004,'/upload/resize_cache/iblock/29d/220_172_1/godzilla_set.jpg','Сеты','1.Опаленный бекон, африканский сом, грибы, соус Спайси, сливочный сыр, соус Чили сладкий.',NULL,NULL,NULL,NULL,NULL,NULL,'2017-04-23 22:51:13','2017-04-23 22:51:13'),(267,'Офис сет (по будням с 11:00 до 16:00)',2,NULL,NULL,28.1,640,'/upload/resize_cache/iblock/75b/220_172_1/office_sushi_set.jpg','Сеты','Cендай маки, Эдо маки, Асахи маки, Хаус маки, Манхеттен маки',39.3,NULL,NULL,NULL,NULL,NULL,'2017-04-23 22:51:13','2017-04-23 22:51:13'),(268,'Маки сет',2,NULL,NULL,38.72,864,'/upload/resize_cache/iblock/609/220_172_1/maki_set.jpg','Сеты','Токио маки, Михара маки, Унаги Каппа маки, Спайси Пиро маки',NULL,NULL,NULL,NULL,NULL,NULL,'2017-04-23 22:51:13','2017-04-23 22:51:13'),(269,'Нигири сет ',2,NULL,NULL,32.89,468,'/upload/resize_cache/iblock/a7d/220_172_1/nigiri_set.jpg','Сеты','Нигири: Тамаго, Сяке, Унаги, Магуро, Эби, Изумитай, Сяке Кунсей, Татаки Сяке. Гунканы: Тобико Блэк, Хияши, Икура, Спайси Киноко',NULL,NULL,NULL,NULL,NULL,NULL,'2017-04-23 22:51:13','2017-04-23 22:51:13'),(270,'Классик сет',2,NULL,NULL,28.71,620,'/upload/resize_cache/iblock/e35/220_172_1/klassic_set.jpg','Сеты','Авокадо маки, Изумитай маки, Текка маки, Сяке маки, Каппа маки, Унаги маки',NULL,NULL,NULL,NULL,NULL,NULL,'2017-04-23 22:51:13','2017-04-23 22:51:13'),(271,'Цунами сет',2,NULL,NULL,60.83,1051,'/upload/resize_cache/iblock/16b/220_172_1/tsunami_set.jpg','Сеты','Сендай маки, Эдо маки, Микс Филадельфия маки, Асахи маки',NULL,NULL,NULL,NULL,NULL,NULL,'2017-04-23 22:51:13','2017-04-23 22:51:13'),(272,'Мураками сет',2,NULL,NULL,50.93,995,'/upload/resize_cache/iblock/923/220_172_1/murakami_set.jpg','Сеты','Манхэттен маки, Вакамэ маки, Акита маки, Тай маки',NULL,NULL,NULL,NULL,NULL,NULL,'2017-04-23 22:51:14','2017-04-23 22:51:14'),(273,'Хияши Вакамэ',2,NULL,NULL,4.29,77,'/upload/resize_cache/iblock/f99/220_172_1/hiyashi_vakame.jpg','Салаты','Маринованные морские водоросли, кунжут черный',NULL,NULL,NULL,NULL,NULL,NULL,'2017-04-23 22:51:14','2017-04-23 22:51:14'),(274,'Соус Ореховый',2,NULL,NULL,2.09,30,'/upload/resize_cache/iblock/d9e/220_172_1/nuts_sous.jpg','Салаты','Сладко-пикантный соус на основе лесного ореха',NULL,NULL,NULL,NULL,NULL,NULL,'2017-04-23 22:51:14','2017-04-23 22:51:14'),(275,'Соус Спайси',2,NULL,NULL,2.09,30,'/upload/resize_cache/iblock/d37/220_172_1/spicy_sous.jpg','Соусы','Соус на основе майонеза и пасты Ким-чи',2.5,NULL,NULL,NULL,NULL,NULL,'2017-04-23 22:51:14','2017-04-23 22:51:14'),(276,'Соус Ореховый',2,NULL,NULL,2.09,30,'/upload/resize_cache/iblock/2b7/220_172_1/nuts_sous.jpg','Соусы','Сладко-пикантный соус на основе лесного ореха',NULL,NULL,NULL,NULL,NULL,NULL,'2017-04-23 22:51:14','2017-04-23 22:51:14'),(277,'Соус Унаги',2,NULL,NULL,2.86,30,'/upload/resize_cache/iblock/7dd/220_172_1/unagi_sous.jpg','Соусы','Соус на основе угря и белого вина',NULL,NULL,NULL,NULL,NULL,NULL,'2017-04-23 22:51:14','2017-04-23 22:51:14'),(278,'Соус Чили сладкий',2,NULL,NULL,1.87,30,'/upload/resize_cache/iblock/bea/220_172_1/sweet_chilli_sous.jpg','Соусы','Сладкий соус на основе перца Чили',2.5,NULL,NULL,NULL,NULL,NULL,'2017-04-23 22:51:14','2017-04-23 22:51:14'),(279,'Соус Терияки',2,NULL,NULL,2.09,30,'/upload/resize_cache/iblock/2a4/220_172_1/teriyaki_sous.jpg','Соусы','Соус на основе соевого соуса и белого вина',NULL,NULL,NULL,NULL,NULL,NULL,'2017-04-23 22:51:14','2017-04-23 22:51:14'),(280,'Соус Гёдзе',2,NULL,NULL,1.65,30,'/upload/resize_cache/iblock/c1a/220_172_1/gedze_sous.jpg','Соусы','Соус на основе кунжутного масла и рисового уксуса',NULL,NULL,NULL,NULL,NULL,NULL,'2017-04-23 22:51:14','2017-04-23 22:51:14'),(281,'Васаби (10 г)',2,NULL,NULL,0.61,10,'/upload/resize_cache/iblock/962/220_172_1/vasabi_10.jpg','Японский гарнир','Японский хрен 10 г',NULL,NULL,NULL,NULL,NULL,NULL,'2017-04-23 22:51:14','2017-04-23 22:51:14'),(282,'Васаби (20 г)',2,NULL,NULL,1.21,20,'/upload/resize_cache/iblock/79e/220_172_1/vasabi_20.jpg','Японский гарнир','Японский хрен 20 г',NULL,NULL,NULL,NULL,NULL,NULL,'2017-04-23 22:51:14','2017-04-23 22:51:14'),(283,'Имбирь белый (20 г)',2,NULL,NULL,0.72,20,'/upload/resize_cache/iblock/61c/220_172_1/white_ginger_20.jpg','Японский гарнир','Маринованный корень имбиря 20г ',NULL,NULL,NULL,NULL,NULL,NULL,'2017-04-23 22:51:14','2017-04-23 22:51:14'),(284,' Имбирь белый (40г) ',2,NULL,NULL,1.43,40,'/upload/resize_cache/iblock/bdb/220_172_1/white_ginger_40.jpg','Японский гарнир','Маринованный корень имбиря 40 г',NULL,NULL,NULL,NULL,NULL,NULL,'2017-04-23 22:51:14','2017-04-23 22:51:14'),(285,'Имбирь розовый (20 г)',2,NULL,NULL,0.72,20,'/upload/resize_cache/iblock/1c3/220_172_1/red_ginger_20.jpg','Японский гарнир','Маринованный корень имбиря 40 г',NULL,NULL,NULL,NULL,NULL,NULL,'2017-04-23 22:51:14','2017-04-23 22:51:14'),(286,'Имбирь розовый (40 г)',2,NULL,NULL,1.43,40,'/upload/resize_cache/iblock/ffe/220_172_1/red_ginger_40.jpg','Японский гарнир','Маринованный корень имбиря 40г',NULL,NULL,NULL,NULL,NULL,NULL,'2017-04-23 22:51:14','2017-04-23 22:51:14'),(287,' Соевый соус слабосолёный ',2,NULL,NULL,0.83,50,'/upload/resize_cache/iblock/a8f/220_172_1/soya_sous_yamasa_1.jpg','Японский гарнир','Соевый соус \"Yamasa\" слабосоленый',NULL,NULL,NULL,NULL,NULL,NULL,'2017-04-23 22:51:14','2017-04-23 22:51:14'),(288,'Соевый соус солёный',2,NULL,NULL,1.32,50,'/upload/resize_cache/iblock/fc7/220_172_1/soya_sous_yamasa_2.jpg','Японский гарнир','Соевый соус \"Yamasa\" соленый',NULL,NULL,NULL,NULL,NULL,NULL,'2017-04-23 22:51:14','2017-04-23 22:51:14'),(289,'Bon Aqua негазированная',2,NULL,NULL,1.32,500,'/upload/resize_cache/iblock/2e5/220_172_1/bonaqua.jpg','Напитки','Негазированная чистая питьевая вода',NULL,NULL,NULL,NULL,NULL,NULL,'2017-04-23 22:51:14','2017-04-23 22:51:14'),(290,'Bon Aqua среднегазированная',2,NULL,NULL,1.32,500,'/upload/resize_cache/iblock/070/220_172_1/bonaqua.jpg','Напитки','Негазированная чистая питьевая вода',NULL,NULL,NULL,NULL,NULL,NULL,'2017-04-23 22:51:15','2017-04-23 22:51:15'),(291,'Bon Aqua сильногазированная',2,NULL,NULL,1.32,500,'/upload/resize_cache/iblock/975/220_172_1/bonaqua.jpg','Напитки','Негазированная чистая питьевая вода',NULL,NULL,NULL,NULL,NULL,NULL,'2017-04-23 22:51:15','2017-04-23 22:51:15'),(292,'Coca Cola',2,NULL,NULL,1.54,500,'/upload/resize_cache/iblock/485/220_172_1/cola_05.jpg','Напитки','Coca Cola 500ml',NULL,NULL,NULL,NULL,NULL,NULL,'2017-04-23 22:51:15','2017-04-23 22:51:15'),(293,'Fanta',2,NULL,NULL,1.54,500,'/upload/resize_cache/iblock/d56/220_172_1/fanta_05.jpg','Напитки','Fanta 500ml ',NULL,NULL,NULL,NULL,NULL,NULL,'2017-04-23 22:51:15','2017-04-23 22:51:15'),(294,'Sprite',2,NULL,NULL,1.54,500,'/upload/resize_cache/iblock/f70/220_172_1/sprite_05.jpg','Напитки','Sprite 500ml',NULL,NULL,NULL,NULL,NULL,NULL,'2017-04-23 22:51:15','2017-04-23 22:51:15'),(295,'Schweppes',2,NULL,NULL,1.54,500,'/upload/resize_cache/iblock/853/220_172_1/schweppes_05.jpg','Напитки','Schweppes 500ml',NULL,NULL,NULL,NULL,NULL,NULL,'2017-04-23 22:51:15','2017-04-23 22:51:15'),(296,'Нектар Rich Вишня',2,NULL,NULL,0.99,200,'/upload/resize_cache/iblock/c87/220_172_1/vishnia_02.jpg','Напитки','Нектар вишневый осветленный 200 мл',NULL,NULL,NULL,NULL,NULL,NULL,'2017-04-23 22:51:15','2017-04-23 22:51:15'),(297,'Нектар Rich Вишня',2,NULL,NULL,4.29,1,'/upload/resize_cache/iblock/0e4/220_172_1/cherry.jpg','Напитки','Нектар вишневый осветленный 1л',NULL,NULL,NULL,NULL,NULL,NULL,'2017-04-23 22:51:15','2017-04-23 22:51:15'),(298,'Нектар Rich Персик',2,NULL,NULL,0.99,200,'/upload/resize_cache/iblock/052/220_172_1/peach_02.jpg','Напитки','Нектар персиковый с мякотью 200 мл',NULL,NULL,NULL,NULL,NULL,NULL,'2017-04-23 22:51:15','2017-04-23 22:51:15'),(299,'Нектар Rich Персик',2,NULL,NULL,4.29,1,'/upload/resize_cache/iblock/ab4/220_172_1/peach.jpg','Напитки','Нектар персиковый с мякотью 1л',NULL,NULL,NULL,NULL,NULL,NULL,'2017-04-23 22:51:15','2017-04-23 22:51:15'),(300,'Сок Rich Томат',2,NULL,NULL,0.99,200,'/upload/resize_cache/iblock/555/220_172_1/tomato_02.jpg','Напитки','Сок томатный с солью с мякотью 200 мл',NULL,NULL,NULL,NULL,NULL,NULL,'2017-04-23 22:51:15','2017-04-23 22:51:15'),(301,'Сок Rich Томат',2,NULL,NULL,4.29,1,'/upload/resize_cache/iblock/5c4/220_172_1/tomatto.jpg','Напитки','Сок томатный с солью с мякотью 1л',NULL,NULL,NULL,NULL,NULL,NULL,'2017-04-23 22:51:15','2017-04-23 22:51:15'),(302,'Сок Rich Грейпфрут',2,NULL,NULL,4.29,1,'/upload/resize_cache/iblock/2c0/220_172_1/grapefruit.jpg','Напитки','Сок грейпфрутовый 1л',NULL,NULL,NULL,NULL,NULL,NULL,'2017-04-23 22:51:15','2017-04-23 22:51:15'),(303,'Сок Rich Яблоко',2,NULL,NULL,0.99,200,'/upload/resize_cache/iblock/03e/220_172_1/apple_02.jpg','Напитки','Сок яблочный осветленный 200 мл',NULL,NULL,NULL,NULL,NULL,NULL,'2017-04-23 22:51:15','2017-04-23 22:51:15'),(304,'Сок Rich Яблоко',2,NULL,NULL,4.29,1,'/upload/resize_cache/iblock/99d/220_172_1/apple.jpg','Напитки','Сок яблочный осветленный 1л',NULL,NULL,NULL,NULL,NULL,NULL,'2017-04-23 22:51:15','2017-04-23 22:51:15'),(305,'Сок Rich Виноград',2,NULL,NULL,4.29,1,'/upload/resize_cache/iblock/a25/220_172_1/grapes.jpg','Напитки','Сок виноградный осветленный 1л',NULL,NULL,NULL,NULL,NULL,NULL,'2017-04-23 22:51:15','2017-04-23 22:51:15'),(306,'Сок Rich Апельсин',2,NULL,NULL,0.99,200,'/upload/resize_cache/iblock/b59/220_172_1/orange_02.jpg','Напитки','Сок апельсиновый неосветленный 200 мл',NULL,NULL,NULL,NULL,NULL,NULL,'2017-04-23 22:51:16','2017-04-23 22:51:16'),(307,'Сок Rich Апельсин',2,NULL,NULL,4.29,1,'/upload/resize_cache/iblock/198/220_172_1/orange.jpg','Напитки','Сок апельсиновый неосветленный 1л',NULL,NULL,NULL,NULL,NULL,NULL,'2017-04-23 22:51:16','2017-04-23 22:51:16'),(308,'Сок Rich Ананас',2,NULL,NULL,4.29,1,'/upload/resize_cache/iblock/5ca/220_172_1/pineapple.jpg','Напитки','Сок ананасовый неосветленный 1л',NULL,NULL,NULL,NULL,NULL,NULL,'2017-04-23 22:51:16','2017-04-23 22:51:16');
/*!40000 ALTER TABLE `products` ENABLE KEYS */;
UNLOCK TABLES;

--
-- Table structure for table `schema_migrations`
--

DROP TABLE IF EXISTS `schema_migrations`;
/*!40101 SET @saved_cs_client     = @@character_set_client */;
/*!40101 SET character_set_client = utf8 */;
CREATE TABLE `schema_migrations` (
  `version` varchar(255) NOT NULL,
  PRIMARY KEY (`version`)
) ENGINE=InnoDB DEFAULT CHARSET=utf8;
/*!40101 SET character_set_client = @saved_cs_client */;

--
-- Dumping data for table `schema_migrations`
--

LOCK TABLES `schema_migrations` WRITE;
/*!40000 ALTER TABLE `schema_migrations` DISABLE KEYS */;
INSERT INTO `schema_migrations` VALUES ('20170417195110'),('20170422144815'),('20170422151137'),('20170423130556');
/*!40000 ALTER TABLE `schema_migrations` ENABLE KEYS */;
UNLOCK TABLES;

--
-- Table structure for table `shops`
--

DROP TABLE IF EXISTS `shops`;
/*!40101 SET @saved_cs_client     = @@character_set_client */;
/*!40101 SET character_set_client = utf8 */;
CREATE TABLE `shops` (
  `id` int(11) NOT NULL AUTO_INCREMENT,
  `shop_name` varchar(255) DEFAULT NULL,
  `shop_patern` varchar(255) DEFAULT NULL,
  `created_at` datetime NOT NULL,
  `updated_at` datetime NOT NULL,
  PRIMARY KEY (`id`)
) ENGINE=InnoDB AUTO_INCREMENT=3 DEFAULT CHARSET=utf8;
/*!40101 SET character_set_client = @saved_cs_client */;

--
-- Dumping data for table `shops`
--

LOCK TABLES `shops` WRITE;
/*!40000 ALTER TABLE `shops` DISABLE KEYS */;
INSERT INTO `shops` VALUES (1,'prosushi.by','prosushi.by','2017-04-22 22:34:08','2017-04-22 22:34:08'),(2,'sushihouse.by','sushihouse.by','2017-04-23 22:48:18','2017-04-23 22:48:18');
/*!40000 ALTER TABLE `shops` ENABLE KEYS */;
UNLOCK TABLES;
/*!40103 SET TIME_ZONE=@OLD_TIME_ZONE */;

/*!40101 SET SQL_MODE=@OLD_SQL_MODE */;
/*!40014 SET FOREIGN_KEY_CHECKS=@OLD_FOREIGN_KEY_CHECKS */;
/*!40014 SET UNIQUE_CHECKS=@OLD_UNIQUE_CHECKS */;
/*!40101 SET CHARACTER_SET_CLIENT=@OLD_CHARACTER_SET_CLIENT */;
/*!40101 SET CHARACTER_SET_RESULTS=@OLD_CHARACTER_SET_RESULTS */;
/*!40101 SET COLLATION_CONNECTION=@OLD_COLLATION_CONNECTION */;
/*!40111 SET SQL_NOTES=@OLD_SQL_NOTES */;

-- Dump completed on 2017-05-13 19:50:52
